ID,Distance,Variety,Treatment,Management
R_W5_T3_133,0.225,JELLY,3,Biological
R_W5_T2_191,0.225,PASJA_POMORSKA,2,Biological
R_W5_T3_121,0.225,PASJA_POMORSKA,3,Biological
R_W5_T6_1,0.225,ATOL,6,Chemical
R_W5_T3_121,0.245,PASJA_POMORSKA,3,Biological
R_W5_T3_121,0.245,PASJA_POMORSKA,3,Biological
R_W5_T4_84,0.245,SALTO,4,Chemical
R_W5_T4_136,0.255,JELLY,4,Chemical
R_W5_T6_23,0.255,KRAB,6,Chemical
R_W5_T2_197,0.275,DESIREE,2,Biological
R_W5_T3_72,0.275,RUDAWA,3,Biological
R_W5_T3_98,0.295,PASJA_POMORSKA,3,Biological
R_W5_T2_203,0.295,KRAB,2,Biological
R_W5_T5_13,0.305,ATOL,5,Chemical
R_W5_T6_51,0.305,JELLY,6,Chemical
R_W5_T5_48,0.335,DESIREE,5,Chemical
R_W5_T4_85,0.345,RUDAWA,4,Chemical
R_W5_T3_130,0.149897959,JELLY,3,Biological
R_W5_T2_164,0.157040816,PASJA_POMORSKA,2,Biological
R_W5_T6_33,0.169795918,JELLY,6,Chemical
R_W5_T3_130,0.17244898,JELLY,3,Biological
R_W5_T3_130,0.177346939,JELLY,3,Biological
R_W5_T2_146,0.179081633,JELLY,2,Biological
R_W5_T2_145,0.179489796,SALTO,2,Biological
R_W5_T2_164,0.180918367,PASJA_POMORSKA,2,Biological
R_W5_T2_145,0.18122449,SALTO,2,Biological
R_W5_T2_175,0.182244898,SALTO,2,Biological
R_W5_T2_145,0.184591837,SALTO,2,Biological
R_W5_T3_132,0.185306122,ATOL,3,Biological
R_W5_T3_132,0.188469388,ATOL,3,Biological
R_W5_T2_147,0.189081633,ATOL,2,Biological
R_W5_T4_134,0.189183673,RUDAWA,4,Chemical
R_W5_T2_147,0.189285714,ATOL,2,Biological
R_W5_T2_200,0.192755102,DESIREE,2,Biological
R_W5_T2_173,0.193367347,ATOL,2,Biological
R_W5_T4_134,0.193571429,RUDAWA,4,Chemical
R_W5_T2_145,0.194387755,SALTO,2,Biological
R_W5_T3_101,0.194489796,PASJA_POMORSKA,3,Biological
R_W5_T2_173,0.19622449,ATOL,2,Biological
R_W5_T3_133,0.196326531,JELLY,3,Biological
R_W5_T3_132,0.196326531,ATOL,3,Biological
R_W5_T2_164,0.196734694,PASJA_POMORSKA,2,Biological
R_W5_T4_136,0.19755102,JELLY,4,Chemical
R_W5_T3_103,0.197959184,DESIREE,3,Biological
R_W5_T2_173,0.198265306,ATOL,2,Biological
R_W5_T4_134,0.198367347,RUDAWA,4,Chemical
R_W5_T2_169,0.198673469,SALTO,2,Biological
R_W5_T4_137,0.200510204,SALTO,4,Chemical
R_W5_T4_136,0.200714286,JELLY,4,Chemical
R_W5_T2_145,0.201122449,SALTO,2,Biological
R_W5_T2_175,0.201122449,SALTO,2,Biological
R_W5_T2_203,0.201428571,KRAB,2,Biological
R_W5_T2_169,0.201530612,SALTO,2,Biological
R_W5_T4_134,0.201938776,RUDAWA,4,Chemical
R_W5_T4_78,0.202244898,PASJA_POMORSKA,4,Chemical
R_W5_T4_78,0.202244898,PASJA_POMORSKA,4,Chemical
R_W5_T4_81,0.202346939,DESIREE,4,Chemical
R_W5_T3_101,0.20244898,PASJA_POMORSKA,3,Biological
R_W5_T5_65,0.202653061,SALTO,5,Chemical
R_W5_T3_129,0.202653061,RUDAWA,3,Biological
R_W5_T2_169,0.202755102,SALTO,2,Biological
R_W5_T4_140,0.202857143,JELLY,4,Chemical
R_W5_T3_133,0.202959184,JELLY,3,Biological
R_W5_T4_107,0.203061224,DESIREE,4,Chemical
R_W5_T2_203,0.203673469,KRAB,2,Biological
R_W5_T6_23,0.203877551,KRAB,6,Chemical
R_W5_T3_132,0.204183673,ATOL,3,Biological
R_W5_T4_137,0.204387755,SALTO,4,Chemical
R_W5_T4_78,0.204387755,PASJA_POMORSKA,4,Chemical
R_W5_T3_101,0.205102041,PASJA_POMORSKA,3,Biological
R_W5_T2_147,0.205102041,ATOL,2,Biological
R_W5_T3_132,0.205714286,ATOL,3,Biological
R_W5_T2_175,0.205816327,SALTO,2,Biological
R_W5_T4_139,0.206632653,ATOL,4,Chemical
R_W5_T2_145,0.206836735,SALTO,2,Biological
R_W5_T2_175,0.206938776,SALTO,2,Biological
R_W5_T3_103,0.207142857,DESIREE,3,Biological
R_W5_T2_192,0.207142857,JELLY,2,Biological
R_W5_T4_91,0.20744898,ATOL,4,Chemical
R_W5_T4_107,0.207959184,DESIREE,4,Chemical
R_W5_T5_14,0.209693878,PASJA_POMORSKA,5,Chemical
R_W5_T3_121,0.210102041,PASJA_POMORSKA,3,Biological
R_W5_T2_175,0.210102041,SALTO,2,Biological
R_W5_T2_147,0.210510204,ATOL,2,Biological
R_W5_T4_136,0.210510204,JELLY,4,Chemical
R_W5_T6_23,0.210510204,KRAB,6,Chemical
R_W5_T2_164,0.211326531,PASJA_POMORSKA,2,Biological
R_W5_T4_84,0.211632653,SALTO,4,Chemical
R_W5_T2_145,0.211632653,SALTO,2,Biological
R_W5_T5_65,0.211734694,SALTO,5,Chemical
R_W5_T4_137,0.211938776,SALTO,4,Chemical
R_W5_T4_140,0.212040816,JELLY,4,Chemical
R_W5_T4_137,0.212040816,SALTO,4,Chemical
R_W5_T3_129,0.212346939,RUDAWA,3,Biological
R_W5_T2_143,0.212653061,RUDAWA,2,Biological
R_W5_T2_142,0.212755102,PASJA_POMORSKA,2,Biological
R_W5_T5_68,0.212857143,KRAB,5,Chemical
R_W5_T2_171,0.213265306,JELLY,2,Biological
R_W5_T2_147,0.214183673,ATOL,2,Biological
R_W5_T2_169,0.214183673,SALTO,2,Biological
R_W5_T5_14,0.214285714,PASJA_POMORSKA,5,Chemical
R_W5_T3_124,0.214285714,KRAB,3,Biological
R_W5_T4_136,0.214387755,JELLY,4,Chemical
R_W5_T3_72,0.214591837,RUDAWA,3,Biological
R_W5_T2_164,0.214897959,PASJA_POMORSKA,2,Biological
R_W5_T6_33,0.215102041,JELLY,6,Chemical
R_W5_T3_103,0.215204082,DESIREE,3,Biological
R_W5_T2_147,0.215408163,ATOL,2,Biological
R_W5_T4_136,0.215510204,JELLY,4,Chemical
R_W5_T3_101,0.215612245,PASJA_POMORSKA,3,Biological
R_W5_T6_32,0.215612245,SALTO,6,Chemical
R_W5_T6_32,0.215612245,SALTO,6,Chemical
R_W5_T4_91,0.215816327,ATOL,4,Chemical
R_W5_T3_129,0.215918367,RUDAWA,3,Biological
R_W5_T5_21,0.216020408,JELLY,5,Chemical
R_W5_T2_171,0.216122449,JELLY,2,Biological
R_W5_T5_69,0.216428571,ATOL,5,Chemical
R_W5_T4_136,0.216530612,JELLY,4,Chemical
R_W5_T2_142,0.216530612,PASJA_POMORSKA,2,Biological
R_W5_T2_142,0.216734694,PASJA_POMORSKA,2,Biological
R_W5_T4_118,0.216836735,JELLY,4,Chemical
R_W5_T6_23,0.216836735,KRAB,6,Chemical
R_W5_T3_130,0.217040816,JELLY,3,Biological
R_W5_T4_109,0.217653061,PASJA_POMORSKA,4,Chemical
R_W5_T3_132,0.217755102,ATOL,3,Biological
R_W5_T3_129,0.217857143,RUDAWA,3,Biological
R_W5_T3_133,0.217857143,JELLY,3,Biological
R_W5_T6_23,0.218061224,KRAB,6,Chemical
R_W5_T2_169,0.218061224,SALTO,2,Biological
R_W5_T3_130,0.218061224,JELLY,3,Biological
R_W5_T4_134,0.218367347,RUDAWA,4,Chemical
R_W5_T4_91,0.218367347,ATOL,4,Chemical
R_W5_T3_129,0.218469388,RUDAWA,3,Biological
R_W5_T2_171,0.218469388,JELLY,2,Biological
R_W5_T5_65,0.218673469,SALTO,5,Chemical
R_W5_T4_136,0.218673469,JELLY,4,Chemical
R_W5_T3_103,0.21877551,DESIREE,3,Biological
R_W5_T2_173,0.21877551,ATOL,2,Biological
R_W5_T2_171,0.218979592,JELLY,2,Biological
R_W5_T6_23,0.219285714,KRAB,6,Chemical
R_W5_T2_145,0.219387755,SALTO,2,Biological
R_W5_T2_147,0.219489796,ATOL,2,Biological
R_W5_T2_145,0.219489796,SALTO,2,Biological
R_W5_T2_173,0.219489796,ATOL,2,Biological
R_W5_T3_124,0.220102041,KRAB,3,Biological
R_W5_T3_72,0.220102041,RUDAWA,3,Biological
R_W5_T6_25,0.220204082,DESIREE,6,Chemical
R_W5_T3_129,0.220204082,RUDAWA,3,Biological
R_W5_T2_142,0.220714286,PASJA_POMORSKA,2,Biological
R_W5_T2_203,0.221020408,KRAB,2,Biological
R_W5_T4_140,0.22122449,JELLY,4,Chemical
R_W5_T5_68,0.221326531,KRAB,5,Chemical
R_W5_T5_41,0.221632653,KRAB,5,Chemical
R_W5_T2_190,0.221938776,DESIREE,2,Biological
R_W5_T5_41,0.222142857,KRAB,5,Chemical
R_W5_T5_65,0.222244898,SALTO,5,Chemical
R_W5_T4_136,0.222346939,JELLY,4,Chemical
R_W5_T4_78,0.222346939,PASJA_POMORSKA,4,Chemical
R_W5_T2_146,0.222653061,JELLY,2,Biological
R_W5_T2_173,0.222653061,ATOL,2,Biological
R_W5_T2_146,0.222653061,JELLY,2,Biological
R_W5_T6_23,0.222857143,KRAB,6,Chemical
R_W5_T2_173,0.222959184,ATOL,2,Biological
R_W5_T6_62,0.223163265,KRAB,6,Chemical
R_W5_T2_173,0.223163265,ATOL,2,Biological
R_W5_T4_139,0.223367347,ATOL,4,Chemical
R_W5_T5_21,0.223469388,JELLY,5,Chemical
R_W5_T4_116,0.223469388,KRAB,4,Chemical
R_W5_T6_24,0.223673469,PASJA_POMORSKA,6,Chemical
R_W5_T6_23,0.22377551,KRAB,6,Chemical
R_W5_T3_72,0.223877551,RUDAWA,3,Biological
R_W5_T5_43,0.224081633,SALTO,5,Chemical
R_W5_T5_43,0.224387755,SALTO,5,Chemical
R_W5_T3_130,0.224489796,JELLY,3,Biological
R_W5_T3_125,0.224897959,ATOL,3,Biological
R_W5_T3_129,0.225306122,RUDAWA,3,Biological
R_W5_T5_41,0.225408163,KRAB,5,Chemical
R_W5_T6_62,0.225408163,KRAB,6,Chemical
R_W5_T3_103,0.225408163,DESIREE,3,Biological
R_W5_T3_98,0.225612245,PASJA_POMORSKA,3,Biological
R_W5_T2_191,0.225714286,PASJA_POMORSKA,2,Biological
R_W5_T6_29,0.225816327,ATOL,6,Chemical
R_W5_T4_118,0.225918367,JELLY,4,Chemical
R_W5_T4_107,0.22622449,DESIREE,4,Chemical
R_W5_T2_197,0.22622449,DESIREE,2,Biological
R_W5_T4_109,0.226326531,PASJA_POMORSKA,4,Chemical
R_W5_T2_203,0.226326531,KRAB,2,Biological
R_W5_T4_91,0.226428571,ATOL,4,Chemical
R_W5_T3_103,0.226428571,DESIREE,3,Biological
R_W5_T5_19,0.226530612,JELLY,5,Chemical
R_W5_T3_77,0.226734694,ATOL,3,Biological
R_W5_T4_79,0.226938776,SALTO,4,Chemical
R_W5_T2_191,0.226938776,PASJA_POMORSKA,2,Biological
R_W5_T4_81,0.227040816,DESIREE,4,Chemical
R_W5_T2_203,0.227142857,KRAB,2,Biological
R_W5_T5_14,0.227142857,PASJA_POMORSKA,5,Chemical
R_W5_T4_90,0.227346939,KRAB,4,Chemical
R_W5_T2_173,0.227346939,ATOL,2,Biological
R_W5_T4_84,0.22744898,SALTO,4,Chemical
R_W5_T5_43,0.22744898,SALTO,5,Chemical
R_W5_T6_33,0.227653061,JELLY,6,Chemical
R_W5_T6_4,0.227755102,PASJA_POMORSKA,6,Chemical
R_W5_T2_147,0.228061224,ATOL,2,Biological
R_W5_T2_203,0.228367347,KRAB,2,Biological
R_W5_T3_101,0.228469388,PASJA_POMORSKA,3,Biological
R_W5_T5_21,0.228571429,JELLY,5,Chemical
R_W5_T2_142,0.228673469,PASJA_POMORSKA,2,Biological
R_W5_T5_69,0.228877551,ATOL,5,Chemical
R_W5_T2_171,0.229387755,JELLY,2,Biological
R_W5_T4_84,0.229387755,SALTO,4,Chemical
R_W5_T3_124,0.229387755,KRAB,3,Biological
R_W5_T3_103,0.229387755,DESIREE,3,Biological
R_W5_T5_20,0.229591837,RUDAWA,5,Chemical
R_W5_T5_43,0.229591837,SALTO,5,Chemical
R_W5_T4_79,0.229693878,SALTO,4,Chemical
R_W5_T2_171,0.229897959,JELLY,2,Biological
R_W5_T5_39,0.230204082,PASJA_POMORSKA,5,Chemical
R_W5_T5_39,0.230408163,PASJA_POMORSKA,5,Chemical
R_W5_T3_98,0.230714286,PASJA_POMORSKA,3,Biological
R_W5_T6_62,0.230714286,KRAB,6,Chemical
R_W5_T2_142,0.230816327,PASJA_POMORSKA,2,Biological
R_W5_T6_32,0.231020408,SALTO,6,Chemical
R_W5_T3_132,0.23122449,ATOL,3,Biological
R_W5_T5_65,0.231326531,SALTO,5,Chemical
R_W5_T4_90,0.231428571,KRAB,4,Chemical
R_W5_T5_68,0.231632653,KRAB,5,Chemical
R_W5_T5_65,0.231734694,SALTO,5,Chemical
R_W5_T5_41,0.231836735,KRAB,5,Chemical
R_W5_T4_115,0.231938776,DESIREE,4,Chemical
R_W5_T3_133,0.232040816,JELLY,3,Biological
R_W5_T4_87,0.232040816,ATOL,4,Chemical
R_W5_T3_133,0.232244898,JELLY,3,Biological
R_W5_T4_107,0.232244898,DESIREE,4,Chemical
R_W5_T2_147,0.232244898,ATOL,2,Biological
R_W5_T2_191,0.232346939,PASJA_POMORSKA,2,Biological
R_W5_T5_12,0.23244898,DESIREE,5,Chemical
R_W5_T4_118,0.232653061,JELLY,4,Chemical
R_W5_T2_169,0.233061224,SALTO,2,Biological
R_W5_T3_133,0.233061224,JELLY,3,Biological
R_W5_T4_107,0.233061224,DESIREE,4,Chemical
R_W5_T5_41,0.233061224,KRAB,5,Chemical
R_W5_T6_25,0.233265306,DESIREE,6,Chemical
R_W5_T5_10,0.233469388,DESIREE,5,Chemical
R_W5_T2_171,0.233673469,JELLY,2,Biological
R_W5_T3_100,0.233673469,SALTO,3,Biological
R_W5_T3_130,0.23377551,JELLY,3,Biological
R_W5_T2_145,0.23377551,SALTO,2,Biological
R_W5_T2_192,0.233877551,JELLY,2,Biological
R_W5_T3_124,0.233877551,KRAB,3,Biological
R_W5_T2_145,0.233979592,SALTO,2,Biological
R_W5_T2_164,0.233979592,PASJA_POMORSKA,2,Biological
R_W5_T4_91,0.234081633,ATOL,4,Chemical
R_W5_T5_43,0.234081633,SALTO,5,Chemical
R_W5_T5_43,0.234183673,SALTO,5,Chemical
R_W5_T4_115,0.234285714,DESIREE,4,Chemical
R_W5_T5_65,0.234285714,SALTO,5,Chemical
R_W5_T4_78,0.234285714,PASJA_POMORSKA,4,Chemical
R_W5_T4_81,0.234387755,DESIREE,4,Chemical
R_W5_T6_24,0.234387755,PASJA_POMORSKA,6,Chemical
R_W5_T3_100,0.234693878,SALTO,3,Biological
R_W5_T4_107,0.234795918,DESIREE,4,Chemical
R_W5_T3_125,0.235102041,ATOL,3,Biological
R_W5_T6_25,0.235102041,DESIREE,6,Chemical
R_W5_T3_121,0.235102041,PASJA_POMORSKA,3,Biological
R_W5_T6_32,0.235204082,SALTO,6,Chemical
R_W5_T3_100,0.235204082,SALTO,3,Biological
R_W5_T5_12,0.235204082,DESIREE,5,Chemical
R_W5_T4_134,0.235306122,RUDAWA,4,Chemical
R_W5_T4_118,0.235306122,JELLY,4,Chemical
R_W5_T5_69,0.235510204,ATOL,5,Chemical
R_W5_T4_136,0.235714286,JELLY,4,Chemical
R_W5_T6_32,0.235816327,SALTO,6,Chemical
R_W5_T3_98,0.236020408,PASJA_POMORSKA,3,Biological
R_W5_T2_190,0.23622449,DESIREE,2,Biological
R_W5_T3_124,0.236326531,KRAB,3,Biological
R_W5_T3_129,0.236530612,RUDAWA,3,Biological
R_W5_T3_122,0.236734694,SALTO,3,Biological
R_W5_T5_68,0.236836735,KRAB,5,Chemical
R_W5_T4_107,0.237040816,DESIREE,4,Chemical
R_W5_T4_136,0.237040816,JELLY,4,Chemical
R_W5_T4_140,0.237040816,JELLY,4,Chemical
R_W5_T6_35,0.237142857,ATOL,6,Chemical
R_W5_T5_43,0.237244898,SALTO,5,Chemical
R_W5_T5_41,0.237346939,KRAB,5,Chemical
R_W5_T4_137,0.237346939,SALTO,4,Chemical
R_W5_T4_84,0.237346939,SALTO,4,Chemical
R_W5_T2_145,0.237346939,SALTO,2,Biological
R_W5_T4_137,0.237346939,SALTO,4,Chemical
R_W5_T4_137,0.23744898,SALTO,4,Chemical
R_W5_T2_196,0.23755102,ATOL,2,Biological
R_W5_T3_133,0.23755102,JELLY,3,Biological
R_W5_T6_56,0.237653061,DESIREE,6,Chemical
R_W5_T6_25,0.237755102,DESIREE,6,Chemical
R_W5_T4_79,0.237755102,SALTO,4,Chemical
R_W5_T4_107,0.237959184,DESIREE,4,Chemical
R_W5_T4_87,0.238061224,ATOL,4,Chemical
R_W5_T4_109,0.238265306,PASJA_POMORSKA,4,Chemical
R_W5_T3_125,0.238265306,ATOL,3,Biological
R_W5_T4_134,0.238469388,RUDAWA,4,Chemical
R_W5_T2_146,0.238469388,JELLY,2,Biological
R_W5_T2_169,0.238571429,SALTO,2,Biological
R_W5_T3_125,0.238571429,ATOL,3,Biological
R_W5_T5_65,0.238673469,SALTO,5,Chemical
R_W5_T2_191,0.238673469,PASJA_POMORSKA,2,Biological
R_W5_T5_65,0.23877551,SALTO,5,Chemical
R_W5_T4_118,0.23877551,JELLY,4,Chemical
R_W5_T4_91,0.23877551,ATOL,4,Chemical
R_W5_T4_79,0.239081633,SALTO,4,Chemical
R_W5_T6_23,0.239081633,KRAB,6,Chemical
R_W5_T5_12,0.239183673,DESIREE,5,Chemical
R_W5_T4_116,0.239183673,KRAB,4,Chemical
R_W5_T4_109,0.239183673,PASJA_POMORSKA,4,Chemical
R_W5_T5_20,0.239285714,RUDAWA,5,Chemical
R_W5_T4_109,0.239387755,PASJA_POMORSKA,4,Chemical
R_W5_T6_29,0.239591837,ATOL,6,Chemical
R_W5_T3_100,0.239591837,SALTO,3,Biological
R_W5_T3_122,0.239795918,SALTO,3,Biological
R_W5_T4_109,0.239897959,PASJA_POMORSKA,4,Chemical
R_W5_T4_136,0.24,JELLY,4,Chemical
R_W5_T5_39,0.24,PASJA_POMORSKA,5,Chemical
R_W5_T4_78,0.240102041,PASJA_POMORSKA,4,Chemical
R_W5_T4_87,0.240102041,ATOL,4,Chemical
R_W5_T4_79,0.240102041,SALTO,4,Chemical
R_W5_T5_41,0.240306122,KRAB,5,Chemical
R_W5_T3_77,0.240306122,ATOL,3,Biological
R_W5_T5_37,0.240408163,PASJA_POMORSKA,5,Chemical
R_W5_T3_103,0.240510204,DESIREE,3,Biological
R_W5_T5_68,0.240510204,KRAB,5,Chemical
R_W5_T4_140,0.240612245,JELLY,4,Chemical
R_W5_T3_129,0.240714286,RUDAWA,3,Biological
R_W5_T5_39,0.240714286,PASJA_POMORSKA,5,Chemical
R_W5_T6_62,0.240714286,KRAB,6,Chemical
R_W5_T5_20,0.240714286,RUDAWA,5,Chemical
R_W5_T3_98,0.240816327,PASJA_POMORSKA,3,Biological
R_W5_T2_147,0.241020408,ATOL,2,Biological
R_W5_T3_130,0.24122449,JELLY,3,Biological
R_W5_T3_130,0.241326531,JELLY,3,Biological
R_W5_T5_20,0.241428571,RUDAWA,5,Chemical
R_W5_T4_134,0.241428571,RUDAWA,4,Chemical
R_W5_T6_32,0.241530612,SALTO,6,Chemical
R_W5_T5_41,0.241632653,KRAB,5,Chemical
R_W5_T3_72,0.241734694,RUDAWA,3,Biological
R_W5_T3_124,0.241734694,KRAB,3,Biological
R_W5_T2_147,0.241734694,ATOL,2,Biological
R_W5_T4_139,0.241836735,ATOL,4,Chemical
R_W5_T4_84,0.241836735,SALTO,4,Chemical
R_W5_T6_23,0.241938776,KRAB,6,Chemical
R_W5_T6_32,0.242040816,SALTO,6,Chemical
R_W5_T2_147,0.242346939,ATOL,2,Biological
R_W5_T2_164,0.24244898,PASJA_POMORSKA,2,Biological
R_W5_T2_146,0.24255102,JELLY,2,Biological
R_W5_T5_21,0.242653061,JELLY,5,Chemical
R_W5_T4_84,0.242653061,SALTO,4,Chemical
R_W5_T2_143,0.242755102,RUDAWA,2,Biological
R_W5_T2_197,0.242755102,DESIREE,2,Biological
R_W5_T4_91,0.242959184,ATOL,4,Chemical
R_W5_T5_19,0.243061224,JELLY,5,Chemical
R_W5_T4_140,0.243163265,JELLY,4,Chemical
R_W5_T4_91,0.243367347,ATOL,4,Chemical
R_W5_T6_35,0.243469388,ATOL,6,Chemical
R_W5_T3_132,0.243469388,ATOL,3,Biological
R_W5_T2_191,0.243571429,PASJA_POMORSKA,2,Biological
R_W5_T3_100,0.243571429,SALTO,3,Biological
R_W5_T4_115,0.243673469,DESIREE,4,Chemical
R_W5_T2_145,0.243673469,SALTO,2,Biological
R_W5_T6_56,0.24377551,DESIREE,6,Chemical
R_W5_T2_143,0.24377551,RUDAWA,2,Biological
R_W5_T5_68,0.243877551,KRAB,5,Chemical
R_W5_T6_5,0.243979592,DESIREE,6,Chemical
R_W5_T5_21,0.244081633,JELLY,5,Chemical
R_W5_T2_197,0.244285714,DESIREE,2,Biological
R_W5_T2_191,0.244285714,PASJA_POMORSKA,2,Biological
R_W5_T5_18,0.244489796,KRAB,5,Chemical
R_W5_T6_32,0.244489796,SALTO,6,Chemical
R_W5_T2_192,0.244693878,JELLY,2,Biological
R_W5_T2_164,0.244795918,PASJA_POMORSKA,2,Biological
R_W5_T2_197,0.244795918,DESIREE,2,Biological
R_W5_T6_50,0.244795918,SALTO,6,Chemical
R_W5_T6_33,0.245102041,JELLY,6,Chemical
R_W5_T3_121,0.245102041,PASJA_POMORSKA,3,Biological
R_W5_T2_169,0.245102041,SALTO,2,Biological
R_W5_T4_139,0.245204082,ATOL,4,Chemical
R_W5_T6_35,0.245204082,ATOL,6,Chemical
R_W5_T2_146,0.245204082,JELLY,2,Biological
R_W5_T2_192,0.245306122,JELLY,2,Biological
R_W5_T4_91,0.245306122,ATOL,4,Chemical
R_W5_T2_142,0.245408163,PASJA_POMORSKA,2,Biological
R_W5_T4_136,0.245408163,JELLY,4,Chemical
R_W5_T6_50,0.245510204,SALTO,6,Chemical
R_W5_T3_104,0.245510204,SALTO,3,Biological
R_W5_T5_12,0.245714286,DESIREE,5,Chemical
R_W5_T2_190,0.245816327,DESIREE,2,Biological
R_W5_T3_129,0.245918367,RUDAWA,3,Biological
R_W5_T3_121,0.246020408,PASJA_POMORSKA,3,Biological
R_W5_T3_121,0.246122449,PASJA_POMORSKA,3,Biological
R_W5_T4_136,0.24622449,JELLY,4,Chemical
R_W5_T2_164,0.246326531,PASJA_POMORSKA,2,Biological
R_W5_T6_57,0.246326531,PASJA_POMORSKA,6,Chemical
R_W5_T5_14,0.246326531,PASJA_POMORSKA,5,Chemical
R_W5_T6_62,0.246428571,KRAB,6,Chemical
R_W5_T5_49,0.246530612,RUDAWA,5,Chemical
R_W5_T3_77,0.246632653,ATOL,3,Biological
R_W5_T6_33,0.246632653,JELLY,6,Chemical
R_W5_T2_191,0.246734694,PASJA_POMORSKA,2,Biological
R_W5_T5_46,0.246734694,SALTO,5,Chemical
R_W5_T2_171,0.246734694,JELLY,2,Biological
R_W5_T2_147,0.246938776,ATOL,2,Biological
R_W5_T3_132,0.246938776,ATOL,3,Biological
R_W5_T5_21,0.247142857,JELLY,5,Chemical
R_W5_T6_56,0.247142857,DESIREE,6,Chemical
R_W5_T6_33,0.247244898,JELLY,6,Chemical
R_W5_T2_190,0.24755102,DESIREE,2,Biological
R_W5_T5_21,0.24755102,JELLY,5,Chemical
R_W5_T6_32,0.247653061,SALTO,6,Chemical
R_W5_T3_132,0.247755102,ATOL,3,Biological
R_W5_T5_11,0.247857143,ATOL,5,Chemical
R_W5_T2_193,0.247959184,KRAB,2,Biological
R_W5_T2_171,0.247959184,JELLY,2,Biological
R_W5_T4_87,0.248061224,ATOL,4,Chemical
R_W5_T3_130,0.248061224,JELLY,3,Biological
R_W5_T4_140,0.248061224,JELLY,4,Chemical
R_W5_T2_164,0.248163265,PASJA_POMORSKA,2,Biological
R_W5_T5_11,0.248163265,ATOL,5,Chemical
R_W5_T6_35,0.248163265,ATOL,6,Chemical
R_W5_T5_18,0.248265306,KRAB,5,Chemical
R_W5_T2_196,0.248265306,ATOL,2,Biological
R_W5_T4_78,0.248265306,PASJA_POMORSKA,4,Chemical
R_W5_T4_78,0.248367347,PASJA_POMORSKA,4,Chemical
R_W5_T3_92,0.248469388,DESIREE,3,Biological
R_W5_T4_79,0.24877551,SALTO,4,Chemical
R_W5_T2_192,0.24877551,JELLY,2,Biological
R_W5_T2_173,0.24877551,ATOL,2,Biological
R_W5_T2_191,0.24877551,PASJA_POMORSKA,2,Biological
R_W5_T4_118,0.248877551,JELLY,4,Chemical
R_W5_T2_145,0.248877551,SALTO,2,Biological
R_W5_T5_10,0.248979592,DESIREE,5,Chemical
R_W5_T4_115,0.249081633,DESIREE,4,Chemical
R_W5_T2_192,0.249081633,JELLY,2,Biological
R_W5_T3_77,0.249183673,ATOL,3,Biological
R_W5_T6_29,0.249183673,ATOL,6,Chemical
R_W5_T2_171,0.249183673,JELLY,2,Biological
R_W5_T3_100,0.249285714,SALTO,3,Biological
R_W5_T5_39,0.249285714,PASJA_POMORSKA,5,Chemical
R_W5_T5_65,0.249489796,SALTO,5,Chemical
R_W5_T5_11,0.249489796,ATOL,5,Chemical
R_W5_T2_171,0.249591837,JELLY,2,Biological
R_W5_T2_190,0.249591837,DESIREE,2,Biological
R_W5_T3_125,0.249693878,ATOL,3,Biological
R_W5_T6_29,0.249693878,ATOL,6,Chemical
R_W5_T4_118,0.249693878,JELLY,4,Chemical
R_W5_T3_100,0.249897959,SALTO,3,Biological
R_W5_T6_56,0.249897959,DESIREE,6,Chemical
R_W5_T2_196,0.249897959,ATOL,2,Biological
R_W5_T3_133,0.249897959,JELLY,3,Biological
R_W5_T2_175,0.249897959,SALTO,2,Biological
R_W5_T6_50,0.25,SALTO,6,Chemical
R_W5_T6_62,0.25,KRAB,6,Chemical
R_W5_T3_92,0.25,DESIREE,3,Biological
R_W5_T6_55,0.250102041,JELLY,6,Chemical
R_W5_T4_91,0.250102041,ATOL,4,Chemical
R_W5_T4_134,0.250204082,RUDAWA,4,Chemical
R_W5_T3_132,0.250306122,ATOL,3,Biological
R_W5_T6_51,0.250306122,JELLY,6,Chemical
R_W5_T2_145,0.250612245,SALTO,2,Biological
R_W5_T4_115,0.250816327,DESIREE,4,Chemical
R_W5_T6_62,0.250816327,KRAB,6,Chemical
R_W5_T3_77,0.250816327,ATOL,3,Biological
R_W5_T3_130,0.250918367,JELLY,3,Biological
R_W5_T4_139,0.250918367,ATOL,4,Chemical
R_W5_T4_91,0.251122449,ATOL,4,Chemical
R_W5_T4_79,0.25122449,SALTO,4,Chemical
R_W5_T6_35,0.25122449,ATOL,6,Chemical
R_W5_T2_146,0.25122449,JELLY,2,Biological
R_W5_T5_39,0.25122449,PASJA_POMORSKA,5,Chemical
R_W5_T2_173,0.251632653,ATOL,2,Biological
R_W5_T4_107,0.251632653,DESIREE,4,Chemical
R_W5_T4_115,0.251632653,DESIREE,4,Chemical
R_W5_T3_132,0.251836735,ATOL,3,Biological
R_W5_T3_101,0.251836735,PASJA_POMORSKA,3,Biological
R_W5_T3_133,0.251938776,JELLY,3,Biological
R_W5_T4_79,0.251938776,SALTO,4,Chemical
R_W5_T3_77,0.252040816,ATOL,3,Biological
R_W5_T5_39,0.252142857,PASJA_POMORSKA,5,Chemical
R_W5_T2_191,0.252244898,PASJA_POMORSKA,2,Biological
R_W5_T4_81,0.252346939,DESIREE,4,Chemical
R_W5_T6_25,0.252346939,DESIREE,6,Chemical
R_W5_T2_142,0.25244898,PASJA_POMORSKA,2,Biological
R_W5_T3_103,0.25255102,DESIREE,3,Biological
R_W5_T2_173,0.25255102,ATOL,2,Biological
R_W5_T2_190,0.25255102,DESIREE,2,Biological
R_W5_T3_128,0.25255102,KRAB,3,Biological
R_W5_T3_104,0.252755102,SALTO,3,Biological
R_W5_T6_56,0.252755102,DESIREE,6,Chemical
R_W5_T5_14,0.252959184,PASJA_POMORSKA,5,Chemical
R_W5_T2_171,0.252959184,JELLY,2,Biological
R_W5_T5_20,0.252959184,RUDAWA,5,Chemical
R_W5_T3_72,0.253061224,RUDAWA,3,Biological
R_W5_T6_33,0.253367347,JELLY,6,Chemical
R_W5_T6_35,0.253469388,ATOL,6,Chemical
R_W5_T6_32,0.253469388,SALTO,6,Chemical
R_W5_T2_164,0.253469388,PASJA_POMORSKA,2,Biological
R_W5_T5_19,0.253469388,JELLY,5,Chemical
R_W5_T5_12,0.253571429,DESIREE,5,Chemical
R_W5_T3_125,0.253571429,ATOL,3,Biological
R_W5_T2_147,0.253673469,ATOL,2,Biological
R_W5_T3_104,0.25377551,SALTO,3,Biological
R_W5_T6_55,0.25377551,JELLY,6,Chemical
R_W5_T4_78,0.253979592,PASJA_POMORSKA,4,Chemical
R_W5_T3_77,0.254081633,ATOL,3,Biological
R_W5_T5_49,0.254183673,RUDAWA,5,Chemical
R_W5_T6_33,0.254183673,JELLY,6,Chemical
R_W5_T5_49,0.254285714,RUDAWA,5,Chemical
R_W5_T2_173,0.254285714,ATOL,2,Biological
R_W5_T5_68,0.254489796,KRAB,5,Chemical
R_W5_T2_196,0.254489796,ATOL,2,Biological
R_W5_T5_41,0.254591837,KRAB,5,Chemical
R_W5_T6_5,0.254693878,DESIREE,6,Chemical
R_W5_T3_103,0.254693878,DESIREE,3,Biological
R_W5_T3_133,0.254693878,JELLY,3,Biological
R_W5_T4_81,0.254693878,DESIREE,4,Chemical
R_W5_T3_77,0.254693878,ATOL,3,Biological
R_W5_T5_39,0.254795918,PASJA_POMORSKA,5,Chemical
R_W5_T2_191,0.254897959,PASJA_POMORSKA,2,Biological
R_W5_T6_32,0.255102041,SALTO,6,Chemical
R_W5_T5_20,0.255102041,RUDAWA,5,Chemical
R_W5_T5_14,0.255204082,PASJA_POMORSKA,5,Chemical
R_W5_T4_115,0.255204082,DESIREE,4,Chemical
R_W5_T3_133,0.255306122,JELLY,3,Biological
R_W5_T5_45,0.255306122,JELLY,5,Chemical
R_W5_T3_122,0.255306122,SALTO,3,Biological
R_W5_T6_29,0.255306122,ATOL,6,Chemical
R_W5_T6_24,0.255408163,PASJA_POMORSKA,6,Chemical
R_W5_T2_200,0.255408163,DESIREE,2,Biological
R_W5_T6_32,0.255408163,SALTO,6,Chemical
R_W5_T6_29,0.255510204,ATOL,6,Chemical
R_W5_T2_175,0.255612245,SALTO,2,Biological
R_W5_T3_124,0.255612245,KRAB,3,Biological
R_W5_T2_192,0.255612245,JELLY,2,Biological
R_W5_T5_12,0.255612245,DESIREE,5,Chemical
R_W5_T3_72,0.255714286,RUDAWA,3,Biological
R_W5_T2_175,0.255714286,SALTO,2,Biological
R_W5_T3_125,0.255816327,ATOL,3,Biological
R_W5_T3_124,0.256020408,KRAB,3,Biological
R_W5_T3_125,0.256122449,ATOL,3,Biological
R_W5_T6_55,0.25622449,JELLY,6,Chemical
R_W5_T2_200,0.25622449,DESIREE,2,Biological
R_W5_T6_33,0.25622449,JELLY,6,Chemical
R_W5_T3_121,0.25622449,PASJA_POMORSKA,3,Biological
R_W5_T3_92,0.256428571,DESIREE,3,Biological
R_W5_T4_115,0.256428571,DESIREE,4,Chemical
R_W5_T4_118,0.256428571,JELLY,4,Chemical
R_W5_T3_92,0.256428571,DESIREE,3,Biological
R_W5_T4_91,0.256632653,ATOL,4,Chemical
R_W5_T2_192,0.256632653,JELLY,2,Biological
R_W5_T5_18,0.256632653,KRAB,5,Chemical
R_W5_T5_21,0.256734694,JELLY,5,Chemical
R_W5_T4_107,0.256734694,DESIREE,4,Chemical
R_W5_T5_68,0.256938776,KRAB,5,Chemical
R_W5_T3_104,0.256938776,SALTO,3,Biological
R_W5_T2_200,0.257040816,DESIREE,2,Biological
R_W5_T2_200,0.257040816,DESIREE,2,Biological
R_W5_T3_128,0.257244898,KRAB,3,Biological
R_W5_T4_109,0.257346939,PASJA_POMORSKA,4,Chemical
R_W5_T3_125,0.257346939,ATOL,3,Biological
R_W5_T4_90,0.257346939,KRAB,4,Chemical
R_W5_T4_81,0.257346939,DESIREE,4,Chemical
R_W5_T6_24,0.25744898,PASJA_POMORSKA,6,Chemical
R_W5_T4_139,0.25744898,ATOL,4,Chemical
R_W5_T6_33,0.25755102,JELLY,6,Chemical
R_W5_T4_107,0.25755102,DESIREE,4,Chemical
R_W5_T2_173,0.257755102,ATOL,2,Biological
R_W5_T6_24,0.257857143,PASJA_POMORSKA,6,Chemical
R_W5_T2_143,0.257959184,RUDAWA,2,Biological
R_W5_T2_164,0.257959184,PASJA_POMORSKA,2,Biological
R_W5_T5_69,0.257959184,ATOL,5,Chemical
R_W5_T6_29,0.258265306,ATOL,6,Chemical
R_W5_T6_56,0.258265306,DESIREE,6,Chemical
R_W5_T3_76,0.258265306,KRAB,3,Biological
R_W5_T3_124,0.258367347,KRAB,3,Biological
R_W5_T5_37,0.258367347,PASJA_POMORSKA,5,Chemical
R_W5_T3_72,0.258469388,RUDAWA,3,Biological
R_W5_T2_146,0.258469388,JELLY,2,Biological
R_W5_T3_129,0.25877551,RUDAWA,3,Biological
R_W5_T5_39,0.25877551,PASJA_POMORSKA,5,Chemical
R_W5_T6_50,0.258877551,SALTO,6,Chemical
R_W5_T5_69,0.258979592,ATOL,5,Chemical
R_W5_T3_100,0.259081633,SALTO,3,Biological
R_W5_T2_171,0.259081633,JELLY,2,Biological
R_W5_T2_146,0.259183673,JELLY,2,Biological
R_W5_T2_173,0.259285714,ATOL,2,Biological
R_W5_T6_1,0.259285714,ATOL,6,Chemical
R_W5_T2_170,0.259285714,RUDAWA,2,Biological
R_W5_T5_20,0.259489796,RUDAWA,5,Chemical
R_W5_T2_173,0.259489796,ATOL,2,Biological
R_W5_T6_25,0.259591837,DESIREE,6,Chemical
R_W5_T4_139,0.259693878,ATOL,4,Chemical
R_W5_T3_98,0.259795918,PASJA_POMORSKA,3,Biological
R_W5_T2_193,0.259897959,KRAB,2,Biological
R_W5_T6_33,0.26,JELLY,6,Chemical
R_W5_T3_92,0.26,DESIREE,3,Biological
R_W5_T3_76,0.26,KRAB,3,Biological
R_W5_T2_142,0.260102041,PASJA_POMORSKA,2,Biological
R_W5_T6_23,0.260204082,KRAB,6,Chemical
R_W5_T2_146,0.260306122,JELLY,2,Biological
R_W5_T2_142,0.260306122,PASJA_POMORSKA,2,Biological
R_W5_T3_124,0.260306122,KRAB,3,Biological
R_W5_T3_121,0.260408163,PASJA_POMORSKA,3,Biological
R_W5_T6_1,0.260408163,ATOL,6,Chemical
R_W5_T6_24,0.260510204,PASJA_POMORSKA,6,Chemical
R_W5_T3_128,0.260510204,KRAB,3,Biological
R_W5_T5_37,0.260510204,PASJA_POMORSKA,5,Chemical
R_W5_T5_43,0.260510204,SALTO,5,Chemical
R_W5_T2_145,0.260612245,SALTO,2,Biological
R_W5_T4_109,0.260714286,PASJA_POMORSKA,4,Chemical
R_W5_T6_4,0.260714286,PASJA_POMORSKA,6,Chemical
R_W5_T3_104,0.261020408,SALTO,3,Biological
R_W5_T2_190,0.261020408,DESIREE,2,Biological
R_W5_T2_193,0.261122449,KRAB,2,Biological
R_W5_T4_115,0.26122449,DESIREE,4,Chemical
R_W5_T2_175,0.26122449,SALTO,2,Biological
R_W5_T6_33,0.261326531,JELLY,6,Chemical
R_W5_T5_41,0.261326531,KRAB,5,Chemical
R_W5_T6_50,0.261428571,SALTO,6,Chemical
R_W5_T5_21,0.261530612,JELLY,5,Chemical
R_W5_T5_21,0.261530612,JELLY,5,Chemical
R_W5_T6_29,0.261530612,ATOL,6,Chemical
R_W5_T5_46,0.261836735,SALTO,5,Chemical
R_W5_T2_196,0.261836735,ATOL,2,Biological
R_W5_T2_142,0.261836735,PASJA_POMORSKA,2,Biological
R_W5_T6_50,0.261938776,SALTO,6,Chemical
R_W5_T6_23,0.261938776,KRAB,6,Chemical
R_W5_T3_101,0.261938776,PASJA_POMORSKA,3,Biological
R_W5_T6_55,0.262040816,JELLY,6,Chemical
R_W5_T3_92,0.262142857,DESIREE,3,Biological
R_W5_T6_24,0.262244898,PASJA_POMORSKA,6,Chemical
R_W5_T5_19,0.262346939,JELLY,5,Chemical
R_W5_T5_13,0.26244898,ATOL,5,Chemical
R_W5_T6_35,0.26244898,ATOL,6,Chemical
R_W5_T2_197,0.26255102,DESIREE,2,Biological
R_W5_T5_65,0.262653061,SALTO,5,Chemical
R_W5_T5_19,0.262755102,JELLY,5,Chemical
R_W5_T3_72,0.262857143,RUDAWA,3,Biological
R_W5_T6_33,0.262959184,JELLY,6,Chemical
R_W5_T4_118,0.262959184,JELLY,4,Chemical
R_W5_T2_196,0.263061224,ATOL,2,Biological
R_W5_T3_122,0.263061224,SALTO,3,Biological
R_W5_T4_118,0.263061224,JELLY,4,Chemical
R_W5_T5_65,0.263061224,SALTO,5,Chemical
R_W5_T6_57,0.263163265,PASJA_POMORSKA,6,Chemical
R_W5_T5_69,0.263163265,ATOL,5,Chemical
R_W5_T5_46,0.263265306,SALTO,5,Chemical
R_W5_T2_193,0.263265306,KRAB,2,Biological
R_W5_T4_84,0.263265306,SALTO,4,Chemical
R_W5_T5_14,0.263265306,PASJA_POMORSKA,5,Chemical
R_W5_T5_46,0.263367347,SALTO,5,Chemical
R_W5_T3_104,0.263469388,SALTO,3,Biological
R_W5_T2_196,0.263469388,ATOL,2,Biological
R_W5_T2_170,0.263571429,RUDAWA,2,Biological
R_W5_T4_90,0.263571429,KRAB,4,Chemical
R_W5_T5_65,0.263571429,SALTO,5,Chemical
R_W5_T3_103,0.263673469,DESIREE,3,Biological
R_W5_T4_81,0.263673469,DESIREE,4,Chemical
R_W5_T6_1,0.26377551,ATOL,6,Chemical
R_W5_T3_101,0.26377551,PASJA_POMORSKA,3,Biological
R_W5_T5_69,0.263877551,ATOL,5,Chemical
R_W5_T5_43,0.263877551,SALTO,5,Chemical
R_W5_T4_116,0.263877551,KRAB,4,Chemical
R_W5_T4_116,0.263979592,KRAB,4,Chemical
R_W5_T5_21,0.263979592,JELLY,5,Chemical
R_W5_T2_203,0.264183673,KRAB,2,Biological
R_W5_T5_69,0.264387755,ATOL,5,Chemical
R_W5_T4_109,0.264693878,PASJA_POMORSKA,4,Chemical
R_W5_T4_81,0.264795918,DESIREE,4,Chemical
R_W5_T2_142,0.264795918,PASJA_POMORSKA,2,Biological
R_W5_T2_190,0.264795918,DESIREE,2,Biological
R_W5_T4_109,0.264795918,PASJA_POMORSKA,4,Chemical
R_W5_T2_192,0.264897959,JELLY,2,Biological
R_W5_T2_197,0.264897959,DESIREE,2,Biological
R_W5_T4_87,0.264897959,ATOL,4,Chemical
R_W5_T5_20,0.264897959,RUDAWA,5,Chemical
R_W5_T2_203,0.265102041,KRAB,2,Biological
R_W5_T6_35,0.265102041,ATOL,6,Chemical
R_W5_T3_130,0.265204082,JELLY,3,Biological
R_W5_T5_37,0.265306122,PASJA_POMORSKA,5,Chemical
R_W5_T4_109,0.265306122,PASJA_POMORSKA,4,Chemical
R_W5_T6_32,0.265408163,SALTO,6,Chemical
R_W5_T4_91,0.265408163,ATOL,4,Chemical
R_W5_T3_125,0.265510204,ATOL,3,Biological
R_W5_T4_109,0.265510204,PASJA_POMORSKA,4,Chemical
R_W5_T2_192,0.265510204,JELLY,2,Biological
R_W5_T5_46,0.265510204,SALTO,5,Chemical
R_W5_T5_19,0.265714286,JELLY,5,Chemical
R_W5_T3_103,0.265714286,DESIREE,3,Biological
R_W5_T2_171,0.265714286,JELLY,2,Biological
R_W5_T6_56,0.265714286,DESIREE,6,Chemical
R_W5_T3_121,0.265816327,PASJA_POMORSKA,3,Biological
R_W5_T4_137,0.265918367,SALTO,4,Chemical
R_W5_T3_94,0.265918367,RUDAWA,3,Biological
R_W5_T5_11,0.26622449,ATOL,5,Chemical
R_W5_T2_192,0.266428571,JELLY,2,Biological
R_W5_T4_134,0.266428571,RUDAWA,4,Chemical
R_W5_T3_122,0.266428571,SALTO,3,Biological
R_W5_T5_18,0.266428571,KRAB,5,Chemical
R_W5_T2_164,0.266428571,PASJA_POMORSKA,2,Biological
R_W5_T6_57,0.266530612,PASJA_POMORSKA,6,Chemical
R_W5_T5_14,0.266530612,PASJA_POMORSKA,5,Chemical
R_W5_T2_143,0.266530612,RUDAWA,2,Biological
R_W5_T5_68,0.266632653,KRAB,5,Chemical
R_W5_T4_137,0.266734694,SALTO,4,Chemical
R_W5_T2_190,0.267040816,DESIREE,2,Biological
R_W5_T6_55,0.267040816,JELLY,6,Chemical
R_W5_T4_110,0.267142857,PASJA_POMORSKA,4,Chemical
R_W5_T5_37,0.267346939,PASJA_POMORSKA,5,Chemical
R_W5_T2_170,0.26744898,RUDAWA,2,Biological
R_W5_T2_193,0.26744898,KRAB,2,Biological
R_W5_T2_197,0.26744898,DESIREE,2,Biological
R_W5_T3_104,0.26744898,SALTO,3,Biological
R_W5_T4_113,0.267653061,RUDAWA,4,Chemical
R_W5_T2_175,0.267857143,SALTO,2,Biological
R_W5_T5_69,0.267857143,ATOL,5,Chemical
R_W5_T4_107,0.267857143,DESIREE,4,Chemical
R_W5_T5_45,0.267857143,JELLY,5,Chemical
R_W5_T5_65,0.267959184,SALTO,5,Chemical
R_W5_T6_27,0.268061224,RUDAWA,6,Chemical
R_W5_T3_132,0.268061224,ATOL,3,Biological
R_W5_T2_147,0.268163265,ATOL,2,Biological
R_W5_T2_193,0.268163265,KRAB,2,Biological
R_W5_T3_133,0.268163265,JELLY,3,Biological
R_W5_T6_35,0.268367347,ATOL,6,Chemical
R_W5_T5_41,0.268367347,KRAB,5,Chemical
R_W5_T6_50,0.268469388,SALTO,6,Chemical
R_W5_T5_43,0.268469388,SALTO,5,Chemical
R_W5_T5_15,0.268469388,RUDAWA,5,Chemical
R_W5_T6_5,0.268673469,DESIREE,6,Chemical
R_W5_T2_200,0.26877551,DESIREE,2,Biological
R_W5_T3_125,0.26877551,ATOL,3,Biological
R_W5_T6_25,0.26877551,DESIREE,6,Chemical
R_W5_T3_130,0.268877551,JELLY,3,Biological
R_W5_T6_4,0.268979592,PASJA_POMORSKA,6,Chemical
R_W5_T6_29,0.269081633,ATOL,6,Chemical
R_W5_T4_107,0.269081633,DESIREE,4,Chemical
R_W5_T6_62,0.269081633,KRAB,6,Chemical
R_W5_T3_128,0.269183673,KRAB,3,Biological
R_W5_T4_91,0.269183673,ATOL,4,Chemical
R_W5_T2_169,0.269285714,SALTO,2,Biological
R_W5_T2_200,0.269387755,DESIREE,2,Biological
R_W5_T4_81,0.269387755,DESIREE,4,Chemical
R_W5_T5_39,0.269591837,PASJA_POMORSKA,5,Chemical
R_W5_T2_191,0.269591837,PASJA_POMORSKA,2,Biological
R_W5_T2_200,0.269693878,DESIREE,2,Biological
R_W5_T2_197,0.269693878,DESIREE,2,Biological
R_W5_T6_1,0.269795918,ATOL,6,Chemical
R_W5_T6_32,0.269795918,SALTO,6,Chemical
R_W5_T2_147,0.269897959,ATOL,2,Biological
R_W5_T4_81,0.27,DESIREE,4,Chemical
R_W5_T5_21,0.270102041,JELLY,5,Chemical
R_W5_T4_78,0.270102041,PASJA_POMORSKA,4,Chemical
R_W5_T6_56,0.270102041,DESIREE,6,Chemical
R_W5_T6_27,0.270102041,RUDAWA,6,Chemical
R_W5_T6_55,0.270306122,JELLY,6,Chemical
R_W5_T2_143,0.270306122,RUDAWA,2,Biological
R_W5_T6_29,0.270306122,ATOL,6,Chemical
R_W5_T3_92,0.270408163,DESIREE,3,Biological
R_W5_T3_92,0.270408163,DESIREE,3,Biological
R_W5_T4_90,0.270510204,KRAB,4,Chemical
R_W5_T6_6,0.270510204,SALTO,6,Chemical
R_W5_T5_10,0.270612245,DESIREE,5,Chemical
R_W5_T6_23,0.270612245,KRAB,6,Chemical
R_W5_T4_87,0.270612245,ATOL,4,Chemical
R_W5_T2_203,0.270612245,KRAB,2,Biological
R_W5_T4_84,0.270816327,SALTO,4,Chemical
R_W5_T5_10,0.270816327,DESIREE,5,Chemical
R_W5_T2_146,0.271020408,JELLY,2,Biological
R_W5_T3_92,0.271122449,DESIREE,3,Biological
R_W5_T5_10,0.27122449,DESIREE,5,Chemical
R_W5_T4_87,0.27122449,ATOL,4,Chemical
R_W5_T5_18,0.271326531,KRAB,5,Chemical
R_W5_T6_33,0.271326531,JELLY,6,Chemical
R_W5_T4_87,0.271428571,ATOL,4,Chemical
R_W5_T5_10,0.271428571,DESIREE,5,Chemical
R_W5_T5_18,0.271632653,KRAB,5,Chemical
R_W5_T2_146,0.271632653,JELLY,2,Biological
R_W5_T2_192,0.271632653,JELLY,2,Biological
R_W5_T2_164,0.271734694,PASJA_POMORSKA,2,Biological
R_W5_T4_113,0.271836735,RUDAWA,4,Chemical
R_W5_T3_122,0.271938776,SALTO,3,Biological
R_W5_T4_118,0.271938776,JELLY,4,Chemical
R_W5_T4_91,0.272040816,ATOL,4,Chemical
R_W5_T4_136,0.272040816,JELLY,4,Chemical
R_W5_T4_78,0.272142857,PASJA_POMORSKA,4,Chemical
R_W5_T4_79,0.272346939,SALTO,4,Chemical
R_W5_T6_56,0.272346939,DESIREE,6,Chemical
R_W5_T3_103,0.272346939,DESIREE,3,Biological
R_W5_T6_24,0.272346939,PASJA_POMORSKA,6,Chemical
R_W5_T3_122,0.27244898,SALTO,3,Biological
R_W5_T5_21,0.27244898,JELLY,5,Chemical
R_W5_T5_65,0.27244898,SALTO,5,Chemical
R_W5_T5_45,0.27255102,JELLY,5,Chemical
R_W5_T6_35,0.27255102,ATOL,6,Chemical
R_W5_T5_18,0.27255102,KRAB,5,Chemical
R_W5_T4_137,0.27255102,SALTO,4,Chemical
R_W5_T2_170,0.272653061,RUDAWA,2,Biological
R_W5_T5_69,0.272653061,ATOL,5,Chemical
R_W5_T2_142,0.272653061,PASJA_POMORSKA,2,Biological
R_W5_T2_200,0.272755102,DESIREE,2,Biological
R_W5_T5_49,0.272755102,RUDAWA,5,Chemical
R_W5_T3_124,0.272755102,KRAB,3,Biological
R_W5_T5_49,0.272857143,RUDAWA,5,Chemical
R_W5_T2_142,0.272857143,PASJA_POMORSKA,2,Biological
R_W5_T5_37,0.272857143,PASJA_POMORSKA,5,Chemical
R_W5_T2_197,0.272857143,DESIREE,2,Biological
R_W5_T2_193,0.272857143,KRAB,2,Biological
R_W5_T2_203,0.272857143,KRAB,2,Biological
R_W5_T2_203,0.272857143,KRAB,2,Biological
R_W5_T4_84,0.272857143,SALTO,4,Chemical
R_W5_T4_109,0.272959184,PASJA_POMORSKA,4,Chemical
R_W5_T6_56,0.273061224,DESIREE,6,Chemical
R_W5_T4_90,0.273061224,KRAB,4,Chemical
R_W5_T3_124,0.273163265,KRAB,3,Biological
R_W5_T4_140,0.273163265,JELLY,4,Chemical
R_W5_T5_14,0.273265306,PASJA_POMORSKA,5,Chemical
R_W5_T5_14,0.273265306,PASJA_POMORSKA,5,Chemical
R_W5_T5_45,0.273469388,JELLY,5,Chemical
R_W5_T5_12,0.273469388,DESIREE,5,Chemical
R_W5_T6_5,0.273571429,DESIREE,6,Chemical
R_W5_T4_85,0.273673469,RUDAWA,4,Chemical
R_W5_T4_136,0.273673469,JELLY,4,Chemical
R_W5_T5_12,0.273673469,DESIREE,5,Chemical
R_W5_T4_90,0.27377551,KRAB,4,Chemical
R_W5_T4_110,0.27377551,PASJA_POMORSKA,4,Chemical
R_W5_T6_35,0.273877551,ATOL,6,Chemical
R_W5_T3_94,0.273877551,RUDAWA,3,Biological
R_W5_T4_137,0.273877551,SALTO,4,Chemical
R_W5_T5_46,0.273877551,SALTO,5,Chemical
R_W5_T4_137,0.274081633,SALTO,4,Chemical
R_W5_T3_133,0.274081633,JELLY,3,Biological
R_W5_T6_4,0.274183673,PASJA_POMORSKA,6,Chemical
R_W5_T4_139,0.274183673,ATOL,4,Chemical
R_W5_T3_76,0.274285714,KRAB,3,Biological
R_W5_T3_129,0.274285714,RUDAWA,3,Biological
R_W5_T4_139,0.274387755,ATOL,4,Chemical
R_W5_T4_84,0.274489796,SALTO,4,Chemical
R_W5_T6_24,0.274591837,PASJA_POMORSKA,6,Chemical
R_W5_T6_32,0.274591837,SALTO,6,Chemical
R_W5_T6_50,0.274591837,SALTO,6,Chemical
R_W5_T5_69,0.274795918,ATOL,5,Chemical
R_W5_T2_169,0.274795918,SALTO,2,Biological
R_W5_T6_24,0.274897959,PASJA_POMORSKA,6,Chemical
R_W5_T4_109,0.274897959,PASJA_POMORSKA,4,Chemical
R_W5_T5_15,0.275102041,RUDAWA,5,Chemical
R_W5_T6_25,0.275102041,DESIREE,6,Chemical
R_W5_T3_124,0.275204082,KRAB,3,Biological
R_W5_T5_12,0.275306122,DESIREE,5,Chemical
R_W5_T3_129,0.275306122,RUDAWA,3,Biological
R_W5_T5_48,0.275510204,DESIREE,5,Chemical
R_W5_T6_23,0.275510204,KRAB,6,Chemical
R_W5_T2_175,0.275612245,SALTO,2,Biological
R_W5_T5_49,0.275612245,RUDAWA,5,Chemical
R_W5_T2_190,0.275714286,DESIREE,2,Biological
R_W5_T4_139,0.275816327,ATOL,4,Chemical
R_W5_T2_197,0.275816327,DESIREE,2,Biological
R_W5_T4_78,0.275816327,PASJA_POMORSKA,4,Chemical
R_W5_T3_72,0.275816327,RUDAWA,3,Biological
R_W5_T6_1,0.275816327,ATOL,6,Chemical
R_W5_T3_103,0.275918367,DESIREE,3,Biological
R_W5_T4_116,0.275918367,KRAB,4,Chemical
R_W5_T6_4,0.275918367,PASJA_POMORSKA,6,Chemical
R_W5_T2_203,0.276020408,KRAB,2,Biological
R_W5_T3_129,0.276122449,RUDAWA,3,Biological
R_W5_T6_51,0.276326531,JELLY,6,Chemical
R_W5_T3_104,0.276428571,SALTO,3,Biological
R_W5_T4_134,0.276530612,RUDAWA,4,Chemical
R_W5_T4_81,0.276632653,DESIREE,4,Chemical
R_W5_T2_171,0.276632653,JELLY,2,Biological
R_W5_T2_171,0.276734694,JELLY,2,Biological
R_W5_T4_84,0.276734694,SALTO,4,Chemical
R_W5_T3_132,0.276836735,ATOL,3,Biological
R_W5_T4_81,0.276938776,DESIREE,4,Chemical
R_W5_T2_203,0.276938776,KRAB,2,Biological
R_W5_T3_129,0.276938776,RUDAWA,3,Biological
R_W5_T4_137,0.276938776,SALTO,4,Chemical
R_W5_T6_24,0.277040816,PASJA_POMORSKA,6,Chemical
R_W5_T5_15,0.277142857,RUDAWA,5,Chemical
R_W5_T3_132,0.277142857,ATOL,3,Biological
R_W5_T4_118,0.277142857,JELLY,4,Chemical
R_W5_T3_94,0.277244898,RUDAWA,3,Biological
R_W5_T4_139,0.277346939,ATOL,4,Chemical
R_W5_T3_92,0.277346939,DESIREE,3,Biological
R_W5_T4_107,0.27744898,DESIREE,4,Chemical
R_W5_T4_79,0.27755102,SALTO,4,Chemical
R_W5_T5_43,0.277653061,SALTO,5,Chemical
R_W5_T5_37,0.277653061,PASJA_POMORSKA,5,Chemical
R_W5_T2_142,0.277755102,PASJA_POMORSKA,2,Biological
R_W5_T3_101,0.277755102,PASJA_POMORSKA,3,Biological
R_W5_T6_4,0.277755102,PASJA_POMORSKA,6,Chemical
R_W5_T3_129,0.277959184,RUDAWA,3,Biological
R_W5_T3_122,0.278061224,SALTO,3,Biological
R_W5_T4_115,0.278265306,DESIREE,4,Chemical
R_W5_T4_137,0.278265306,SALTO,4,Chemical
R_W5_T2_197,0.278265306,DESIREE,2,Biological
R_W5_T6_50,0.278265306,SALTO,6,Chemical
R_W5_T5_11,0.278367347,ATOL,5,Chemical
R_W5_T2_143,0.278367347,RUDAWA,2,Biological
R_W5_T4_116,0.278469388,KRAB,4,Chemical
R_W5_T2_190,0.278571429,DESIREE,2,Biological
R_W5_T6_35,0.278571429,ATOL,6,Chemical
R_W5_T2_192,0.278673469,JELLY,2,Biological
R_W5_T3_77,0.278673469,ATOL,3,Biological
R_W5_T6_24,0.278979592,PASJA_POMORSKA,6,Chemical
R_W5_T6_56,0.279081633,DESIREE,6,Chemical
R_W5_T5_20,0.279081633,RUDAWA,5,Chemical
R_W5_T2_169,0.279183673,SALTO,2,Biological
R_W5_T2_169,0.279183673,SALTO,2,Biological
R_W5_T6_55,0.279285714,JELLY,6,Chemical
R_W5_T2_164,0.279285714,PASJA_POMORSKA,2,Biological
R_W5_T6_50,0.279285714,SALTO,6,Chemical
R_W5_T4_109,0.279285714,PASJA_POMORSKA,4,Chemical
R_W5_T3_74,0.279387755,DESIREE,3,Biological
R_W5_T3_100,0.279489796,SALTO,3,Biological
R_W5_T6_1,0.279489796,ATOL,6,Chemical
R_W5_T6_35,0.279489796,ATOL,6,Chemical
R_W5_T5_18,0.279489796,KRAB,5,Chemical
R_W5_T3_76,0.279591837,KRAB,3,Biological
R_W5_T4_137,0.279693878,SALTO,4,Chemical
R_W5_T6_29,0.279795918,ATOL,6,Chemical
R_W5_T4_115,0.279897959,DESIREE,4,Chemical
R_W5_T4_116,0.28,KRAB,4,Chemical
R_W5_T3_98,0.28,PASJA_POMORSKA,3,Biological
R_W5_T2_191,0.280102041,PASJA_POMORSKA,2,Biological
R_W5_T4_113,0.280102041,RUDAWA,4,Chemical
R_W5_T6_29,0.280204082,ATOL,6,Chemical
R_W5_T6_35,0.280204082,ATOL,6,Chemical
R_W5_T6_1,0.280306122,ATOL,6,Chemical
R_W5_T4_87,0.280510204,ATOL,4,Chemical
R_W5_T6_56,0.280510204,DESIREE,6,Chemical
R_W5_T6_4,0.280612245,PASJA_POMORSKA,6,Chemical
R_W5_T6_4,0.280612245,PASJA_POMORSKA,6,Chemical
R_W5_T3_124,0.280612245,KRAB,3,Biological
R_W5_T5_11,0.280612245,ATOL,5,Chemical
R_W5_T3_76,0.280714286,KRAB,3,Biological
R_W5_T5_12,0.280714286,DESIREE,5,Chemical
R_W5_T4_87,0.280816327,ATOL,4,Chemical
R_W5_T6_57,0.280816327,PASJA_POMORSKA,6,Chemical
R_W5_T5_46,0.280816327,SALTO,5,Chemical
R_W5_T3_100,0.280918367,SALTO,3,Biological
R_W5_T4_79,0.280918367,SALTO,4,Chemical
R_W5_T4_115,0.281020408,DESIREE,4,Chemical
R_W5_T4_90,0.281020408,KRAB,4,Chemical
R_W5_T4_116,0.281122449,KRAB,4,Chemical
R_W5_T3_130,0.281122449,JELLY,3,Biological
R_W5_T5_37,0.281122449,PASJA_POMORSKA,5,Chemical
R_W5_T4_139,0.281428571,ATOL,4,Chemical
R_W5_T5_37,0.281530612,PASJA_POMORSKA,5,Chemical
R_W5_T6_5,0.281530612,DESIREE,6,Chemical
R_W5_T2_193,0.281632653,KRAB,2,Biological
R_W5_T4_140,0.281734694,JELLY,4,Chemical
R_W5_T5_39,0.281734694,PASJA_POMORSKA,5,Chemical
R_W5_T2_190,0.281836735,DESIREE,2,Biological
R_W5_T5_48,0.281938776,DESIREE,5,Chemical
R_W5_T6_25,0.282040816,DESIREE,6,Chemical
R_W5_T4_84,0.282040816,SALTO,4,Chemical
R_W5_T3_128,0.282244898,KRAB,3,Biological
R_W5_T6_57,0.282244898,PASJA_POMORSKA,6,Chemical
R_W5_T3_121,0.282244898,PASJA_POMORSKA,3,Biological
R_W5_T2_169,0.282244898,SALTO,2,Biological
R_W5_T5_13,0.282346939,ATOL,5,Chemical
R_W5_T4_81,0.282346939,DESIREE,4,Chemical
R_W5_T5_11,0.28244898,ATOL,5,Chemical
R_W5_T6_24,0.28255102,PASJA_POMORSKA,6,Chemical
R_W5_T4_78,0.28255102,PASJA_POMORSKA,4,Chemical
R_W5_T3_94,0.28255102,RUDAWA,3,Biological
R_W5_T6_55,0.282653061,JELLY,6,Chemical
R_W5_T2_175,0.282653061,SALTO,2,Biological
R_W5_T6_5,0.282755102,DESIREE,6,Chemical
R_W5_T6_56,0.282755102,DESIREE,6,Chemical
R_W5_T5_10,0.282755102,DESIREE,5,Chemical
R_W5_T5_45,0.282857143,JELLY,5,Chemical
R_W5_T5_15,0.282857143,RUDAWA,5,Chemical
R_W5_T2_203,0.282959184,KRAB,2,Biological
R_W5_T3_104,0.283061224,SALTO,3,Biological
R_W5_T6_55,0.283163265,JELLY,6,Chemical
R_W5_T5_19,0.283163265,JELLY,5,Chemical
R_W5_T2_200,0.283265306,DESIREE,2,Biological
R_W5_T4_118,0.283265306,JELLY,4,Chemical
R_W5_T6_25,0.283265306,DESIREE,6,Chemical
R_W5_T6_55,0.283265306,JELLY,6,Chemical
R_W5_T6_6,0.283367347,SALTO,6,Chemical
R_W5_T6_57,0.283367347,PASJA_POMORSKA,6,Chemical
R_W5_T6_62,0.283367347,KRAB,6,Chemical
R_W5_T5_69,0.283469388,ATOL,5,Chemical
R_W5_T5_43,0.283469388,SALTO,5,Chemical
R_W5_T5_19,0.283571429,JELLY,5,Chemical
R_W5_T4_139,0.283571429,ATOL,4,Chemical
R_W5_T6_50,0.283571429,SALTO,6,Chemical
R_W5_T2_146,0.28377551,JELLY,2,Biological
R_W5_T4_140,0.283877551,JELLY,4,Chemical
R_W5_T6_5,0.283979592,DESIREE,6,Chemical
R_W5_T6_29,0.283979592,ATOL,6,Chemical
R_W5_T5_48,0.284183673,DESIREE,5,Chemical
R_W5_T6_5,0.284285714,DESIREE,6,Chemical
R_W5_T6_5,0.284387755,DESIREE,6,Chemical
R_W5_T6_1,0.284489796,ATOL,6,Chemical
R_W5_T4_84,0.284489796,SALTO,4,Chemical
R_W5_T5_45,0.284591837,JELLY,5,Chemical
R_W5_T5_37,0.284591837,PASJA_POMORSKA,5,Chemical
R_W5_T5_19,0.284693878,JELLY,5,Chemical
R_W5_T5_68,0.284693878,KRAB,5,Chemical
R_W5_T5_20,0.284795918,RUDAWA,5,Chemical
R_W5_T5_10,0.284795918,DESIREE,5,Chemical
R_W5_T2_190,0.284897959,DESIREE,2,Biological
R_W5_T2_175,0.284897959,SALTO,2,Biological
R_W5_T5_41,0.285102041,KRAB,5,Chemical
R_W5_T2_196,0.285102041,ATOL,2,Biological
R_W5_T4_115,0.285102041,DESIREE,4,Chemical
R_W5_T3_92,0.285204082,DESIREE,3,Biological
R_W5_T3_76,0.285306122,KRAB,3,Biological
R_W5_T3_128,0.285306122,KRAB,3,Biological
R_W5_T3_121,0.285408163,PASJA_POMORSKA,3,Biological
R_W5_T5_21,0.285408163,JELLY,5,Chemical
R_W5_T3_133,0.285408163,JELLY,3,Biological
R_W5_T6_5,0.285408163,DESIREE,6,Chemical
R_W5_T5_39,0.285510204,PASJA_POMORSKA,5,Chemical
R_W5_T3_72,0.285510204,RUDAWA,3,Biological
R_W5_T3_122,0.285714286,SALTO,3,Biological
R_W5_T3_122,0.285714286,SALTO,3,Biological
R_W5_T6_51,0.285816327,JELLY,6,Chemical
R_W5_T3_76,0.285918367,KRAB,3,Biological
R_W5_T4_116,0.285918367,KRAB,4,Chemical
R_W5_T6_62,0.286020408,KRAB,6,Chemical
R_W5_T3_103,0.286020408,DESIREE,3,Biological
R_W5_T2_143,0.286020408,RUDAWA,2,Biological
R_W5_T3_76,0.286020408,KRAB,3,Biological
R_W5_T3_124,0.286020408,KRAB,3,Biological
R_W5_T2_142,0.286020408,PASJA_POMORSKA,2,Biological
R_W5_T3_92,0.286020408,DESIREE,3,Biological
R_W5_T6_4,0.286122449,PASJA_POMORSKA,6,Chemical
R_W5_T2_175,0.286122449,SALTO,2,Biological
R_W5_T6_55,0.28622449,JELLY,6,Chemical
R_W5_T5_49,0.28622449,RUDAWA,5,Chemical
R_W5_T5_68,0.286326531,KRAB,5,Chemical
R_W5_T6_50,0.286326531,SALTO,6,Chemical
R_W5_T3_72,0.286428571,RUDAWA,3,Biological
R_W5_T3_101,0.286428571,PASJA_POMORSKA,3,Biological
R_W5_T4_134,0.286530612,RUDAWA,4,Chemical
R_W5_T3_94,0.286734694,RUDAWA,3,Biological
R_W5_T4_90,0.286734694,KRAB,4,Chemical
R_W5_T2_200,0.286734694,DESIREE,2,Biological
R_W5_T6_25,0.286734694,DESIREE,6,Chemical
R_W5_T3_77,0.286836735,ATOL,3,Biological
R_W5_T4_113,0.286836735,RUDAWA,4,Chemical
R_W5_T6_24,0.286836735,PASJA_POMORSKA,6,Chemical
R_W5_T6_62,0.286938776,KRAB,6,Chemical
R_W5_T3_124,0.286938776,KRAB,3,Biological
R_W5_T4_113,0.286938776,RUDAWA,4,Chemical
R_W5_T6_57,0.287040816,PASJA_POMORSKA,6,Chemical
R_W5_T5_18,0.287040816,KRAB,5,Chemical
R_W5_T3_125,0.287040816,ATOL,3,Biological
R_W5_T5_18,0.287040816,KRAB,5,Chemical
R_W5_T6_25,0.287142857,DESIREE,6,Chemical
R_W5_T5_15,0.287244898,RUDAWA,5,Chemical
R_W5_T5_37,0.287346939,PASJA_POMORSKA,5,Chemical
R_W5_T5_48,0.28755102,DESIREE,5,Chemical
R_W5_T6_6,0.28755102,SALTO,6,Chemical
R_W5_T6_51,0.28755102,JELLY,6,Chemical
R_W5_T4_140,0.287653061,JELLY,4,Chemical
R_W5_T4_116,0.287653061,KRAB,4,Chemical
R_W5_T3_128,0.287755102,KRAB,3,Biological
R_W5_T6_27,0.287755102,RUDAWA,6,Chemical
R_W5_T5_68,0.287755102,KRAB,5,Chemical
R_W5_T4_134,0.287857143,RUDAWA,4,Chemical
R_W5_T4_84,0.287959184,SALTO,4,Chemical
R_W5_T6_33,0.288061224,JELLY,6,Chemical
R_W5_T6_35,0.288061224,ATOL,6,Chemical
R_W5_T6_5,0.288163265,DESIREE,6,Chemical
R_W5_T5_10,0.288163265,DESIREE,5,Chemical
R_W5_T3_77,0.288265306,ATOL,3,Biological
R_W5_T5_41,0.288367347,KRAB,5,Chemical
R_W5_T5_43,0.288469388,SALTO,5,Chemical
R_W5_T5_19,0.288469388,JELLY,5,Chemical
R_W5_T6_51,0.288673469,JELLY,6,Chemical
R_W5_T2_191,0.28877551,PASJA_POMORSKA,2,Biological
R_W5_T4_140,0.28877551,JELLY,4,Chemical
R_W5_T4_134,0.288979592,RUDAWA,4,Chemical
R_W5_T4_91,0.288979592,ATOL,4,Chemical
R_W5_T5_49,0.289081633,RUDAWA,5,Chemical
R_W5_T5_11,0.289081633,ATOL,5,Chemical
R_W5_T4_90,0.289081633,KRAB,4,Chemical
R_W5_T3_101,0.289183673,PASJA_POMORSKA,3,Biological
R_W5_T2_190,0.289183673,DESIREE,2,Biological
R_W5_T4_107,0.289183673,DESIREE,4,Chemical
R_W5_T4_140,0.289285714,JELLY,4,Chemical
R_W5_T5_11,0.289285714,ATOL,5,Chemical
R_W5_T6_4,0.289387755,PASJA_POMORSKA,6,Chemical
R_W5_T5_20,0.289387755,RUDAWA,5,Chemical
R_W5_T2_191,0.289387755,PASJA_POMORSKA,2,Biological
R_W5_T5_43,0.289795918,SALTO,5,Chemical
R_W5_T5_48,0.289897959,DESIREE,5,Chemical
R_W5_T5_46,0.289897959,SALTO,5,Chemical
R_W5_T3_98,0.289897959,PASJA_POMORSKA,3,Biological
R_W5_T4_79,0.29,SALTO,4,Chemical
R_W5_T6_51,0.290102041,JELLY,6,Chemical
R_W5_T2_169,0.290102041,SALTO,2,Biological
R_W5_T6_29,0.290204082,ATOL,6,Chemical
R_W5_T5_12,0.290408163,DESIREE,5,Chemical
R_W5_T5_15,0.290408163,RUDAWA,5,Chemical
R_W5_T2_170,0.290408163,RUDAWA,2,Biological
R_W5_T3_101,0.290408163,PASJA_POMORSKA,3,Biological
R_W5_T6_62,0.290408163,KRAB,6,Chemical
R_W5_T4_79,0.290510204,SALTO,4,Chemical
R_W5_T6_4,0.290510204,PASJA_POMORSKA,6,Chemical
R_W5_T3_92,0.290612245,DESIREE,3,Biological
R_W5_T5_10,0.290612245,DESIREE,5,Chemical
R_W5_T6_27,0.290714286,RUDAWA,6,Chemical
R_W5_T6_25,0.290918367,DESIREE,6,Chemical
R_W5_T3_122,0.291020408,SALTO,3,Biological
R_W5_T6_4,0.291122449,PASJA_POMORSKA,6,Chemical
R_W5_T2_196,0.29122449,ATOL,2,Biological
R_W5_T4_118,0.291326531,JELLY,4,Chemical
R_W5_T4_81,0.291428571,DESIREE,4,Chemical
R_W5_T5_45,0.291428571,JELLY,5,Chemical
R_W5_T5_10,0.291428571,DESIREE,5,Chemical
R_W5_T3_132,0.291530612,ATOL,3,Biological
R_W5_T4_110,0.291530612,PASJA_POMORSKA,4,Chemical
R_W5_T3_94,0.291632653,RUDAWA,3,Biological
R_W5_T5_18,0.291836735,KRAB,5,Chemical
R_W5_T5_11,0.292142857,ATOL,5,Chemical
R_W5_T5_12,0.292142857,DESIREE,5,Chemical
R_W5_T2_197,0.292244898,DESIREE,2,Biological
R_W5_T5_45,0.292244898,JELLY,5,Chemical
R_W5_T3_74,0.292346939,DESIREE,3,Biological
R_W5_T4_79,0.292346939,SALTO,4,Chemical
R_W5_T4_81,0.292346939,DESIREE,4,Chemical
R_W5_T2_198,0.29244898,KRAB,2,Biological
R_W5_T4_115,0.29255102,DESIREE,4,Chemical
R_W5_T6_1,0.292653061,ATOL,6,Chemical
R_W5_T4_85,0.292755102,RUDAWA,4,Chemical
R_W5_T3_94,0.292857143,RUDAWA,3,Biological
R_W5_T5_13,0.292959184,ATOL,5,Chemical
R_W5_T3_98,0.292959184,PASJA_POMORSKA,3,Biological
R_W5_T3_100,0.293061224,SALTO,3,Biological
R_W5_T3_74,0.293265306,DESIREE,3,Biological
R_W5_T4_90,0.293265306,KRAB,4,Chemical
R_W5_T6_5,0.293571429,DESIREE,6,Chemical
R_W5_T6_6,0.293571429,SALTO,6,Chemical
R_W5_T6_23,0.293571429,KRAB,6,Chemical
R_W5_T2_169,0.293673469,SALTO,2,Biological
R_W5_T6_55,0.293673469,JELLY,6,Chemical
R_W5_T3_128,0.293673469,KRAB,3,Biological
R_W5_T6_56,0.293673469,DESIREE,6,Chemical
R_W5_T5_39,0.29377551,PASJA_POMORSKA,5,Chemical
R_W5_T6_50,0.293877551,SALTO,6,Chemical
R_W5_T4_87,0.293877551,ATOL,4,Chemical
R_W5_T3_101,0.294183673,PASJA_POMORSKA,3,Biological
R_W5_T6_27,0.294387755,RUDAWA,6,Chemical
R_W5_T2_198,0.294489796,KRAB,2,Biological
R_W5_T6_1,0.294591837,ATOL,6,Chemical
R_W5_T5_46,0.294693878,SALTO,5,Chemical
R_W5_T5_49,0.294693878,RUDAWA,5,Chemical
R_W5_T4_139,0.294795918,ATOL,4,Chemical
R_W5_T2_200,0.295204082,DESIREE,2,Biological
R_W5_T2_170,0.295204082,RUDAWA,2,Biological
R_W5_T6_4,0.295204082,PASJA_POMORSKA,6,Chemical
R_W5_T5_20,0.295306122,RUDAWA,5,Chemical
R_W5_T5_49,0.295306122,RUDAWA,5,Chemical
R_W5_T5_48,0.295408163,DESIREE,5,Chemical
R_W5_T3_121,0.295408163,PASJA_POMORSKA,3,Biological
R_W5_T2_200,0.295510204,DESIREE,2,Biological
R_W5_T3_133,0.295510204,JELLY,3,Biological
R_W5_T2_170,0.295612245,RUDAWA,2,Biological
R_W5_T4_81,0.295612245,DESIREE,4,Chemical
R_W5_T4_78,0.295612245,PASJA_POMORSKA,4,Chemical
R_W5_T4_139,0.295816327,ATOL,4,Chemical
R_W5_T5_49,0.295816327,RUDAWA,5,Chemical
R_W5_T6_55,0.295918367,JELLY,6,Chemical
R_W5_T6_62,0.295918367,KRAB,6,Chemical
R_W5_T4_107,0.295918367,DESIREE,4,Chemical
R_W5_T3_121,0.295918367,PASJA_POMORSKA,3,Biological
R_W5_T5_15,0.295918367,RUDAWA,5,Chemical
R_W5_T3_94,0.296020408,RUDAWA,3,Biological
R_W5_T2_190,0.296122449,DESIREE,2,Biological
R_W5_T5_14,0.296122449,PASJA_POMORSKA,5,Chemical
R_W5_T5_18,0.296122449,KRAB,5,Chemical
R_W5_T2_193,0.296530612,KRAB,2,Biological
R_W5_T2_193,0.296530612,KRAB,2,Biological
R_W5_T2_196,0.296530612,ATOL,2,Biological
R_W5_T3_72,0.296530612,RUDAWA,3,Biological
R_W5_T6_5,0.296632653,DESIREE,6,Chemical
R_W5_T4_140,0.296632653,JELLY,4,Chemical
R_W5_T6_32,0.296734694,SALTO,6,Chemical
R_W5_T6_25,0.296734694,DESIREE,6,Chemical
R_W5_T2_203,0.296836735,KRAB,2,Biological
R_W5_T5_68,0.296836735,KRAB,5,Chemical
R_W5_T5_41,0.296836735,KRAB,5,Chemical
R_W5_T3_122,0.296938776,SALTO,3,Biological
R_W5_T5_12,0.296938776,DESIREE,5,Chemical
R_W5_T4_140,0.296938776,JELLY,4,Chemical
R_W5_T2_146,0.297040816,JELLY,2,Biological
R_W5_T4_113,0.297244898,RUDAWA,4,Chemical
R_W5_T5_39,0.297244898,PASJA_POMORSKA,5,Chemical
R_W5_T2_191,0.297346939,PASJA_POMORSKA,2,Biological
R_W5_T5_46,0.297346939,SALTO,5,Chemical
R_W5_T4_87,0.297346939,ATOL,4,Chemical
R_W5_T5_10,0.29755102,DESIREE,5,Chemical
R_W5_T5_14,0.29755102,PASJA_POMORSKA,5,Chemical
R_W5_T5_11,0.297653061,ATOL,5,Chemical
R_W5_T6_62,0.297653061,KRAB,6,Chemical
R_W5_T5_68,0.297653061,KRAB,5,Chemical
R_W5_T5_12,0.297653061,DESIREE,5,Chemical
R_W5_T5_49,0.297857143,RUDAWA,5,Chemical
R_W5_T3_77,0.297857143,ATOL,3,Biological
R_W5_T6_62,0.297857143,KRAB,6,Chemical
R_W5_T6_4,0.297959184,PASJA_POMORSKA,6,Chemical
R_W5_T4_113,0.297959184,RUDAWA,4,Chemical
R_W5_T5_19,0.298061224,JELLY,5,Chemical
R_W5_T4_118,0.298061224,JELLY,4,Chemical
R_W5_T2_197,0.298163265,DESIREE,2,Biological
R_W5_T5_14,0.298163265,PASJA_POMORSKA,5,Chemical
R_W5_T3_94,0.298163265,RUDAWA,3,Biological
R_W5_T2_175,0.298265306,SALTO,2,Biological
R_W5_T4_113,0.298367347,RUDAWA,4,Chemical
R_W5_T3_94,0.298469388,RUDAWA,3,Biological
R_W5_T6_56,0.298469388,DESIREE,6,Chemical
R_W5_T4_134,0.298571429,RUDAWA,4,Chemical
R_W5_T5_43,0.298877551,SALTO,5,Chemical
R_W5_T5_46,0.299081633,SALTO,5,Chemical
R_W5_T2_196,0.299183673,ATOL,2,Biological
R_W5_T5_21,0.299285714,JELLY,5,Chemical
R_W5_T6_50,0.299285714,SALTO,6,Chemical
R_W5_T4_90,0.299489796,KRAB,4,Chemical
R_W5_T3_72,0.299489796,RUDAWA,3,Biological
R_W5_T4_87,0.299489796,ATOL,4,Chemical
R_W5_T4_87,0.299591837,ATOL,4,Chemical
R_W5_T5_19,0.299591837,JELLY,5,Chemical
R_W5_T2_197,0.299591837,DESIREE,2,Biological
R_W5_T4_116,0.299693878,KRAB,4,Chemical
R_W5_T4_113,0.299795918,RUDAWA,4,Chemical
R_W5_T6_24,0.299795918,PASJA_POMORSKA,6,Chemical
R_W5_T2_192,0.299897959,JELLY,2,Biological
R_W5_T4_85,0.299897959,RUDAWA,4,Chemical
R_W5_T5_41,0.300102041,KRAB,5,Chemical
R_W5_T2_143,0.300102041,RUDAWA,2,Biological
R_W5_T6_6,0.300102041,SALTO,6,Chemical
R_W5_T3_130,0.300306122,JELLY,3,Biological
R_W5_T5_20,0.300306122,RUDAWA,5,Chemical
R_W5_T4_79,0.300408163,SALTO,4,Chemical
R_W5_T3_121,0.300408163,PASJA_POMORSKA,3,Biological
R_W5_T2_196,0.300408163,ATOL,2,Biological
R_W5_T2_190,0.300510204,DESIREE,2,Biological
R_W5_T5_45,0.300612245,JELLY,5,Chemical
R_W5_T4_115,0.300612245,DESIREE,4,Chemical
R_W5_T6_27,0.300612245,RUDAWA,6,Chemical
R_W5_T3_125,0.300816327,ATOL,3,Biological
R_W5_T4_90,0.300816327,KRAB,4,Chemical
R_W5_T3_128,0.300816327,KRAB,3,Biological
R_W5_T2_193,0.301122449,KRAB,2,Biological
R_W5_T6_29,0.30122449,ATOL,6,Chemical
R_W5_T2_170,0.301428571,RUDAWA,2,Biological
R_W5_T4_116,0.301428571,KRAB,4,Chemical
R_W5_T5_37,0.301530612,PASJA_POMORSKA,5,Chemical
R_W5_T3_128,0.301632653,KRAB,3,Biological
R_W5_T6_24,0.301734694,PASJA_POMORSKA,6,Chemical
R_W5_T3_77,0.301836735,ATOL,3,Biological
R_W5_T4_85,0.301836735,RUDAWA,4,Chemical
R_W5_T6_51,0.301938776,JELLY,6,Chemical
R_W5_T6_35,0.302040816,ATOL,6,Chemical
R_W5_T3_100,0.302142857,SALTO,3,Biological
R_W5_T3_74,0.302142857,DESIREE,3,Biological
R_W5_T5_37,0.302346939,PASJA_POMORSKA,5,Chemical
R_W5_T5_15,0.30244898,RUDAWA,5,Chemical
R_W5_T6_5,0.30255102,DESIREE,6,Chemical
R_W5_T4_84,0.30255102,SALTO,4,Chemical
R_W5_T2_193,0.302755102,KRAB,2,Biological
R_W5_T6_51,0.302857143,JELLY,6,Chemical
R_W5_T4_116,0.302959184,KRAB,4,Chemical
R_W5_T4_116,0.302959184,KRAB,4,Chemical
R_W5_T4_110,0.303061224,PASJA_POMORSKA,4,Chemical
R_W5_T6_1,0.303265306,ATOL,6,Chemical
R_W5_T4_90,0.303265306,KRAB,4,Chemical
R_W5_T3_74,0.303265306,DESIREE,3,Biological
R_W5_T4_113,0.303367347,RUDAWA,4,Chemical
R_W5_T5_49,0.303469388,RUDAWA,5,Chemical
R_W5_T3_104,0.303673469,SALTO,3,Biological
R_W5_T3_125,0.303673469,ATOL,3,Biological
R_W5_T3_76,0.303979592,KRAB,3,Biological
R_W5_T5_37,0.303979592,PASJA_POMORSKA,5,Chemical
R_W5_T3_100,0.304081633,SALTO,3,Biological
R_W5_T3_100,0.304183673,SALTO,3,Biological
R_W5_T3_103,0.304387755,DESIREE,3,Biological
R_W5_T5_65,0.304387755,SALTO,5,Chemical
R_W5_T6_5,0.304489796,DESIREE,6,Chemical
R_W5_T6_33,0.304591837,JELLY,6,Chemical
R_W5_T5_46,0.304693878,SALTO,5,Chemical
R_W5_T6_29,0.304693878,ATOL,6,Chemical
R_W5_T6_23,0.305204082,KRAB,6,Chemical
R_W5_T5_21,0.305306122,JELLY,5,Chemical
R_W5_T5_48,0.305510204,DESIREE,5,Chemical
R_W5_T5_49,0.305612245,RUDAWA,5,Chemical
R_W5_T2_170,0.305612245,RUDAWA,2,Biological
R_W5_T3_104,0.305612245,SALTO,3,Biological
R_W5_T6_1,0.305816327,ATOL,6,Chemical
R_W5_T6_25,0.30622449,DESIREE,6,Chemical
R_W5_T6_51,0.30622449,JELLY,6,Chemical
R_W5_T3_92,0.30622449,DESIREE,3,Biological
R_W5_T2_193,0.306326531,KRAB,2,Biological
R_W5_T2_197,0.306428571,DESIREE,2,Biological
R_W5_T5_45,0.306428571,JELLY,5,Chemical
R_W5_T3_98,0.306734694,PASJA_POMORSKA,3,Biological
R_W5_T5_10,0.306836735,DESIREE,5,Chemical
R_W5_T2_170,0.306836735,RUDAWA,2,Biological
R_W5_T5_45,0.307346939,JELLY,5,Chemical
R_W5_T5_11,0.307653061,ATOL,5,Chemical
R_W5_T2_200,0.307959184,DESIREE,2,Biological
R_W5_T4_90,0.308061224,KRAB,4,Chemical
R_W5_T4_78,0.308265306,PASJA_POMORSKA,4,Chemical
R_W5_T2_164,0.308265306,PASJA_POMORSKA,2,Biological
R_W5_T4_87,0.308367347,ATOL,4,Chemical
R_W5_T2_143,0.308571429,RUDAWA,2,Biological
R_W5_T3_101,0.308571429,PASJA_POMORSKA,3,Biological
R_W5_T6_51,0.308571429,JELLY,6,Chemical
R_W5_T5_20,0.308673469,RUDAWA,5,Chemical
R_W5_T4_109,0.308673469,PASJA_POMORSKA,4,Chemical
R_W5_T3_76,0.30877551,KRAB,3,Biological
R_W5_T5_12,0.308877551,DESIREE,5,Chemical
R_W5_T6_1,0.308979592,ATOL,6,Chemical
R_W5_T4_79,0.308979592,SALTO,4,Chemical
R_W5_T2_192,0.309081633,JELLY,2,Biological
R_W5_T4_110,0.309183673,PASJA_POMORSKA,4,Chemical
R_W5_T5_45,0.309285714,JELLY,5,Chemical
R_W5_T5_37,0.309285714,PASJA_POMORSKA,5,Chemical
R_W5_T4_110,0.309285714,PASJA_POMORSKA,4,Chemical
R_W5_T4_113,0.309489796,RUDAWA,4,Chemical
R_W5_T6_6,0.309897959,SALTO,6,Chemical
R_W5_T5_68,0.31,KRAB,5,Chemical
R_W5_T6_51,0.310102041,JELLY,6,Chemical
R_W5_T6_6,0.310102041,SALTO,6,Chemical
R_W5_T2_193,0.310204082,KRAB,2,Biological
R_W5_T4_118,0.310204082,JELLY,4,Chemical
R_W5_T3_94,0.310204082,RUDAWA,3,Biological
R_W5_T2_196,0.310408163,ATOL,2,Biological
R_W5_T5_19,0.310408163,JELLY,5,Chemical
R_W5_T5_45,0.310408163,JELLY,5,Chemical
R_W5_T2_198,0.310408163,KRAB,2,Biological
R_W5_T3_125,0.310408163,ATOL,3,Biological
R_W5_T4_113,0.310408163,RUDAWA,4,Chemical
R_W5_T3_94,0.310714286,RUDAWA,3,Biological
R_W5_T3_122,0.310816327,SALTO,3,Biological
R_W5_T2_170,0.310918367,RUDAWA,2,Biological
R_W5_T3_98,0.310918367,PASJA_POMORSKA,3,Biological
R_W5_T5_10,0.311020408,DESIREE,5,Chemical
R_W5_T3_74,0.31122449,DESIREE,3,Biological
R_W5_T3_77,0.31122449,ATOL,3,Biological
R_W5_T5_11,0.311428571,ATOL,5,Chemical
R_W5_T5_45,0.311428571,JELLY,5,Chemical
R_W5_T2_196,0.311530612,ATOL,2,Biological
R_W5_T3_100,0.311836735,SALTO,3,Biological
R_W5_T4_137,0.311836735,SALTO,4,Chemical
R_W5_T5_13,0.311836735,ATOL,5,Chemical
R_W5_T4_115,0.311938776,DESIREE,4,Chemical
R_W5_T6_51,0.312040816,JELLY,6,Chemical
R_W5_T6_27,0.312040816,RUDAWA,6,Chemical
R_W5_T3_104,0.312142857,SALTO,3,Biological
R_W5_T4_85,0.31244898,RUDAWA,4,Chemical
R_W5_T2_170,0.31244898,RUDAWA,2,Biological
R_W5_T4_113,0.312755102,RUDAWA,4,Chemical
R_W5_T5_43,0.312857143,SALTO,5,Chemical
R_W5_T5_69,0.312959184,ATOL,5,Chemical
R_W5_T2_170,0.313061224,RUDAWA,2,Biological
R_W5_T5_11,0.313163265,ATOL,5,Chemical
R_W5_T5_15,0.313163265,RUDAWA,5,Chemical
R_W5_T3_74,0.313367347,DESIREE,3,Biological
R_W5_T5_48,0.313469388,DESIREE,5,Chemical
R_W5_T6_6,0.313571429,SALTO,6,Chemical
R_W5_T2_170,0.313571429,RUDAWA,2,Biological
R_W5_T4_110,0.313673469,PASJA_POMORSKA,4,Chemical
R_W5_T3_128,0.313877551,KRAB,3,Biological
R_W5_T6_51,0.313979592,JELLY,6,Chemical
R_W5_T3_77,0.314285714,ATOL,3,Biological
R_W5_T4_110,0.314387755,PASJA_POMORSKA,4,Chemical
R_W5_T5_15,0.314489796,RUDAWA,5,Chemical
R_W5_T5_48,0.314591837,DESIREE,5,Chemical
R_W5_T2_146,0.314693878,JELLY,2,Biological
R_W5_T6_6,0.314795918,SALTO,6,Chemical
R_W5_T5_11,0.315102041,ATOL,5,Chemical
R_W5_T2_192,0.315102041,JELLY,2,Biological
R_W5_T5_46,0.315408163,SALTO,5,Chemical
R_W5_T5_48,0.315714286,DESIREE,5,Chemical
R_W5_T5_18,0.315816327,KRAB,5,Chemical
R_W5_T3_122,0.315816327,SALTO,3,Biological
R_W5_T6_54,0.315816327,RUDAWA,6,Chemical
R_W5_T6_62,0.315918367,KRAB,6,Chemical
R_W5_T6_51,0.316020408,JELLY,6,Chemical
R_W5_T2_146,0.316428571,JELLY,2,Biological
R_W5_T2_200,0.316530612,DESIREE,2,Biological
R_W5_T6_6,0.316632653,SALTO,6,Chemical
R_W5_T5_48,0.316734694,DESIREE,5,Chemical
R_W5_T6_25,0.316836735,DESIREE,6,Chemical
R_W5_T2_143,0.316836735,RUDAWA,2,Biological
R_W5_T6_6,0.316938776,SALTO,6,Chemical
R_W5_T3_98,0.317244898,PASJA_POMORSKA,3,Biological
R_W5_T5_15,0.31755102,RUDAWA,5,Chemical
R_W5_T5_18,0.31755102,KRAB,5,Chemical
R_W5_T3_128,0.317755102,KRAB,3,Biological
R_W5_T5_46,0.317755102,SALTO,5,Chemical
R_W5_T3_94,0.317857143,RUDAWA,3,Biological
R_W5_T6_57,0.318061224,PASJA_POMORSKA,6,Chemical
R_W5_T6_1,0.318163265,ATOL,6,Chemical
R_W5_T3_125,0.318163265,ATOL,3,Biological
R_W5_T3_92,0.318367347,DESIREE,3,Biological
R_W5_T3_98,0.318367347,PASJA_POMORSKA,3,Biological
R_W5_T5_15,0.318673469,RUDAWA,5,Chemical
R_W5_T4_85,0.318877551,RUDAWA,4,Chemical
R_W5_T6_1,0.318877551,ATOL,6,Chemical
R_W5_T3_92,0.318979592,DESIREE,3,Biological
R_W5_T4_113,0.318979592,RUDAWA,4,Chemical
R_W5_T4_116,0.319183673,KRAB,4,Chemical
R_W5_T6_6,0.319285714,SALTO,6,Chemical
R_W5_T3_104,0.319489796,SALTO,3,Biological
R_W5_T2_175,0.319489796,SALTO,2,Biological
R_W5_T4_110,0.319591837,PASJA_POMORSKA,4,Chemical
R_W5_T5_15,0.319795918,RUDAWA,5,Chemical
R_W5_T2_198,0.32,KRAB,2,Biological
R_W5_T4_85,0.32,RUDAWA,4,Chemical
R_W5_T4_78,0.320102041,PASJA_POMORSKA,4,Chemical
R_W5_T6_57,0.320204082,PASJA_POMORSKA,6,Chemical
R_W5_T3_76,0.320306122,KRAB,3,Biological
R_W5_T6_6,0.320408163,SALTO,6,Chemical
R_W5_T6_55,0.320612245,JELLY,6,Chemical
R_W5_T3_74,0.320714286,DESIREE,3,Biological
R_W5_T5_48,0.321122449,DESIREE,5,Chemical
R_W5_T4_85,0.321326531,RUDAWA,4,Chemical
R_W5_T6_55,0.321326531,JELLY,6,Chemical
R_W5_T5_48,0.321428571,DESIREE,5,Chemical
R_W5_T3_76,0.321428571,KRAB,3,Biological
R_W5_T2_193,0.321530612,KRAB,2,Biological
R_W5_T2_143,0.321632653,RUDAWA,2,Biological
R_W5_T3_74,0.321734694,DESIREE,3,Biological
R_W5_T6_51,0.321734694,JELLY,6,Chemical
R_W5_T3_77,0.321836735,ATOL,3,Biological
R_W5_T6_50,0.321938776,SALTO,6,Chemical
R_W5_T3_104,0.322244898,SALTO,3,Biological
R_W5_T4_85,0.32255102,RUDAWA,4,Chemical
R_W5_T6_57,0.322755102,PASJA_POMORSKA,6,Chemical
R_W5_T5_39,0.323265306,PASJA_POMORSKA,5,Chemical
R_W5_T6_27,0.323469388,RUDAWA,6,Chemical
R_W5_T2_193,0.323673469,KRAB,2,Biological
R_W5_T6_57,0.32377551,PASJA_POMORSKA,6,Chemical
R_W5_T4_139,0.32377551,ATOL,4,Chemical
R_W5_T4_140,0.323979592,JELLY,4,Chemical
R_W5_T5_69,0.323979592,ATOL,5,Chemical
R_W5_T4_113,0.324081633,RUDAWA,4,Chemical
R_W5_T5_19,0.324693878,JELLY,5,Chemical
R_W5_T5_41,0.325204082,KRAB,5,Chemical
R_W5_T6_57,0.325306122,PASJA_POMORSKA,6,Chemical
R_W5_T6_27,0.325306122,RUDAWA,6,Chemical
R_W5_T3_130,0.325408163,JELLY,3,Biological
R_W5_T3_98,0.325714286,PASJA_POMORSKA,3,Biological
R_W5_T5_39,0.325714286,PASJA_POMORSKA,5,Chemical
R_W5_T3_72,0.326122449,RUDAWA,3,Biological
R_W5_T5_68,0.32622449,KRAB,5,Chemical
R_W5_T6_57,0.326326531,PASJA_POMORSKA,6,Chemical
R_W5_T6_27,0.326326531,RUDAWA,6,Chemical
R_W5_T4_110,0.326428571,PASJA_POMORSKA,4,Chemical
R_W5_T6_50,0.326428571,SALTO,6,Chemical
R_W5_T5_20,0.326530612,RUDAWA,5,Chemical
R_W5_T6_4,0.326938776,PASJA_POMORSKA,6,Chemical
R_W5_T6_27,0.32755102,RUDAWA,6,Chemical
R_W5_T3_122,0.327653061,SALTO,3,Biological
R_W5_T6_57,0.327755102,PASJA_POMORSKA,6,Chemical
R_W5_T3_122,0.327857143,SALTO,3,Biological
R_W5_T6_6,0.328163265,SALTO,6,Chemical
R_W5_T3_104,0.328163265,SALTO,3,Biological
R_W5_T2_198,0.328265306,KRAB,2,Biological
R_W5_T5_14,0.328367347,PASJA_POMORSKA,5,Chemical
R_W5_T5_19,0.328367347,JELLY,5,Chemical
R_W5_T2_169,0.328673469,SALTO,2,Biological
R_W5_T2_170,0.328673469,RUDAWA,2,Biological
R_W5_T5_45,0.329183673,JELLY,5,Chemical
R_W5_T5_14,0.329489796,PASJA_POMORSKA,5,Chemical
R_W5_T4_110,0.329897959,PASJA_POMORSKA,4,Chemical
R_W5_T6_56,0.330204082,DESIREE,6,Chemical
R_W5_T4_134,0.330306122,RUDAWA,4,Chemical
R_W5_T2_200,0.330306122,DESIREE,2,Biological
R_W5_T4_87,0.330510204,ATOL,4,Chemical
R_W5_T2_143,0.330612245,RUDAWA,2,Biological
R_W5_T5_14,0.330714286,PASJA_POMORSKA,5,Chemical
R_W5_T2_198,0.330918367,KRAB,2,Biological
R_W5_T5_46,0.331122449,SALTO,5,Chemical
R_W5_T5_15,0.331326531,RUDAWA,5,Chemical
R_W5_T4_110,0.331428571,PASJA_POMORSKA,4,Chemical
R_W5_T5_13,0.332142857,ATOL,5,Chemical
R_W5_T5_48,0.332244898,DESIREE,5,Chemical
R_W5_T2_198,0.33244898,KRAB,2,Biological
R_W5_T5_37,0.33255102,PASJA_POMORSKA,5,Chemical
R_W5_T3_74,0.332653061,DESIREE,3,Biological
R_W5_T3_101,0.332959184,PASJA_POMORSKA,3,Biological
R_W5_T6_61,0.333163265,RUDAWA,6,Chemical
R_W5_T6_4,0.333163265,PASJA_POMORSKA,6,Chemical
R_W5_T6_27,0.333367347,RUDAWA,6,Chemical
R_W5_T6_55,0.333877551,JELLY,6,Chemical
R_W5_T3_74,0.333979592,DESIREE,3,Biological
R_W5_T4_110,0.334081633,PASJA_POMORSKA,4,Chemical
R_W5_T2_196,0.334183673,ATOL,2,Biological
R_W5_T5_13,0.334285714,ATOL,5,Chemical
R_W5_T2_143,0.334387755,RUDAWA,2,Biological
R_W5_T6_27,0.334489796,RUDAWA,6,Chemical
R_W5_T3_72,0.334795918,RUDAWA,3,Biological
R_W5_T4_114,0.335408163,KRAB,4,Chemical
R_W5_T5_15,0.335714286,RUDAWA,5,Chemical
R_W5_T5_13,0.335918367,ATOL,5,Chemical
R_W5_T5_49,0.335918367,RUDAWA,5,Chemical
R_W5_T2_143,0.336530612,RUDAWA,2,Biological
R_W5_T3_74,0.336632653,DESIREE,3,Biological
R_W5_T3_128,0.336734694,KRAB,3,Biological
R_W5_T5_13,0.337040816,ATOL,5,Chemical
R_W5_T6_57,0.337244898,PASJA_POMORSKA,6,Chemical
R_W5_T4_110,0.337346939,PASJA_POMORSKA,4,Chemical
R_W5_T5_13,0.337346939,ATOL,5,Chemical
R_W5_T3_76,0.337346939,KRAB,3,Biological
R_W5_T3_76,0.337755102,KRAB,3,Biological
R_W5_T4_85,0.337857143,RUDAWA,4,Chemical
R_W5_T3_104,0.337857143,SALTO,3,Biological
R_W5_T3_128,0.337959184,KRAB,3,Biological
R_W5_T4_110,0.338265306,PASJA_POMORSKA,4,Chemical
R_W5_T3_94,0.338673469,RUDAWA,3,Biological
R_W5_T6_6,0.338673469,SALTO,6,Chemical
R_W5_T6_27,0.33877551,RUDAWA,6,Chemical
R_W5_T6_61,0.33877551,RUDAWA,6,Chemical
R_W5_T3_74,0.339081633,DESIREE,3,Biological
R_W5_T3_128,0.339285714,KRAB,3,Biological
R_W5_T5_45,0.339795918,JELLY,5,Chemical
R_W5_T5_69,0.339795918,ATOL,5,Chemical
R_W5_T3_100,0.339795918,SALTO,3,Biological
R_W5_T3_94,0.340408163,RUDAWA,3,Biological
R_W5_T5_18,0.340714286,KRAB,5,Chemical
R_W5_T5_10,0.341020408,DESIREE,5,Chemical
R_W5_T3_76,0.34122449,KRAB,3,Biological
R_W5_T4_114,0.341530612,KRAB,4,Chemical
R_W5_T5_13,0.341632653,ATOL,5,Chemical
R_W5_T2_198,0.341938776,KRAB,2,Biological
R_W5_T4_85,0.342142857,RUDAWA,4,Chemical
R_W5_T4_90,0.34255102,KRAB,4,Chemical
R_W5_T6_61,0.342959184,RUDAWA,6,Chemical
R_W5_T4_116,0.343469388,KRAB,4,Chemical
R_W5_T2_170,0.343571429,RUDAWA,2,Biological
R_W5_T5_20,0.343673469,RUDAWA,5,Chemical
R_W5_T6_54,0.34377551,RUDAWA,6,Chemical
R_W5_T6_54,0.343877551,RUDAWA,6,Chemical
R_W5_T5_19,0.344183673,JELLY,5,Chemical
R_W5_T3_76,0.344387755,KRAB,3,Biological
R_W5_T6_54,0.345714286,RUDAWA,6,Chemical
R_W5_T3_101,0.345714286,PASJA_POMORSKA,3,Biological
R_W5_T6_61,0.34622449,RUDAWA,6,Chemical
R_W5_T2_196,0.346428571,ATOL,2,Biological
R_W5_T4_85,0.346734694,RUDAWA,4,Chemical
R_W5_T5_46,0.346734694,SALTO,5,Chemical
R_W5_T6_5,0.346734694,DESIREE,6,Chemical
R_W5_T5_69,0.347244898,ATOL,5,Chemical
R_W5_T6_61,0.347346939,RUDAWA,6,Chemical
R_W5_T3_74,0.34744898,DESIREE,3,Biological
R_W5_T5_10,0.347653061,DESIREE,5,Chemical
R_W5_T5_11,0.348367347,ATOL,5,Chemical
R_W5_T4_113,0.34877551,RUDAWA,4,Chemical
R_W5_T6_27,0.349081633,RUDAWA,6,Chemical
R_W5_T5_13,0.35,ATOL,5,Chemical
R_W5_T2_143,0.350306122,RUDAWA,2,Biological
R_W5_T3_128,0.350510204,KRAB,3,Biological
R_W5_T5_49,0.350816327,RUDAWA,5,Chemical
R_W5_T2_198,0.351734694,KRAB,2,Biological
R_W5_T4_110,0.351836735,PASJA_POMORSKA,4,Chemical
R_W5_T5_18,0.352857143,KRAB,5,Chemical
R_W5_T6_61,0.352959184,RUDAWA,6,Chemical
R_W5_T5_13,0.354081633,ATOL,5,Chemical
R_W5_T5_15,0.354183673,RUDAWA,5,Chemical
R_W5_T6_61,0.354285714,RUDAWA,6,Chemical
R_W5_T6_54,0.354591837,RUDAWA,6,Chemical
R_W5_T4_85,0.354795918,RUDAWA,4,Chemical
R_W5_T4_85,0.355918367,RUDAWA,4,Chemical
R_W5_T3_98,0.356020408,PASJA_POMORSKA,3,Biological
R_W5_T3_94,0.356836735,RUDAWA,3,Biological
R_W5_T5_12,0.358061224,DESIREE,5,Chemical
R_W5_T6_54,0.359693878,RUDAWA,6,Chemical
R_W5_T6_61,0.360612245,RUDAWA,6,Chemical
R_W5_T4_114,0.362142857,KRAB,4,Chemical
R_W5_T4_85,0.362755102,RUDAWA,4,Chemical
R_W5_T4_114,0.363571429,KRAB,4,Chemical
R_W5_T6_6,0.36377551,SALTO,6,Chemical
R_W5_T4_114,0.364183673,KRAB,4,Chemical
R_W5_T3_98,0.367142857,PASJA_POMORSKA,3,Biological
R_W5_T3_74,0.367142857,DESIREE,3,Biological
R_W5_T2_198,0.367653061,KRAB,2,Biological
R_W5_T2_198,0.370408163,KRAB,2,Biological
R_W5_T3_74,0.370816327,DESIREE,3,Biological
R_W5_T2_198,0.371734694,KRAB,2,Biological
R_W5_T2_198,0.372142857,KRAB,2,Biological
R_W5_T4_114,0.372244898,KRAB,4,Chemical
R_W5_T6_27,0.37255102,RUDAWA,6,Chemical
R_W5_T6_54,0.372653061,RUDAWA,6,Chemical
R_W5_T6_57,0.372755102,PASJA_POMORSKA,6,Chemical
R_W5_T6_54,0.373163265,RUDAWA,6,Chemical
R_W5_T5_48,0.374183673,DESIREE,5,Chemical
R_W5_T6_54,0.376122449,RUDAWA,6,Chemical
R_W5_T6_22,0.38122449,KRAB,6,Chemical
R_W5_T5_13,0.381530612,ATOL,5,Chemical
R_W5_T2_198,0.381530612,KRAB,2,Biological
R_W5_T6_61,0.383061224,RUDAWA,6,Chemical
R_W5_T6_22,0.383469388,KRAB,6,Chemical
R_W5_T6_54,0.383571429,RUDAWA,6,Chemical
R_W5_T2_198,0.384387755,KRAB,2,Biological
R_W5_T2_198,0.384591837,KRAB,2,Biological
R_W5_T6_54,0.385918367,RUDAWA,6,Chemical
R_W5_T6_54,0.386326531,RUDAWA,6,Chemical
R_W5_T6_54,0.386836735,RUDAWA,6,Chemical
R_W5_T6_61,0.387040816,RUDAWA,6,Chemical
R_W5_T6_61,0.387346939,RUDAWA,6,Chemical
R_W5_T6_61,0.387959184,RUDAWA,6,Chemical
R_W5_T5_13,0.388877551,ATOL,5,Chemical
R_W5_T5_13,0.389795918,ATOL,5,Chemical
R_W5_T6_61,0.392857143,RUDAWA,6,Chemical
R_W5_T6_54,0.394591837,RUDAWA,6,Chemical
R_W5_T6_54,0.395714286,RUDAWA,6,Chemical
R_W5_T4_114,0.395816327,KRAB,4,Chemical
R_W5_T6_54,0.400816327,RUDAWA,6,Chemical
R_W5_T4_114,0.401632653,KRAB,4,Chemical
R_W5_T4_114,0.401938776,KRAB,4,Chemical
R_W5_T4_114,0.402142857,KRAB,4,Chemical
R_W5_T6_61,0.403367347,RUDAWA,6,Chemical
R_W5_T6_22,0.405408163,KRAB,6,Chemical
R_W5_T6_61,0.405510204,RUDAWA,6,Chemical
R_W5_T4_114,0.406938776,KRAB,4,Chemical
R_W5_T6_22,0.409591837,KRAB,6,Chemical
R_W5_T6_22,0.413367347,KRAB,6,Chemical
R_W5_T6_22,0.415306122,KRAB,6,Chemical
R_W5_T4_114,0.420102041,KRAB,4,Chemical
R_W5_T6_22,0.420102041,KRAB,6,Chemical
R_W5_T6_22,0.421530612,KRAB,6,Chemical
R_W5_T6_22,0.422755102,KRAB,6,Chemical
R_W5_T6_22,0.422755102,KRAB,6,Chemical
R_W5_T4_114,0.423061224,KRAB,4,Chemical
R_W5_T4_114,0.425102041,KRAB,4,Chemical
R_W5_T6_61,0.425918367,RUDAWA,6,Chemical
R_W5_T6_22,0.42744898,KRAB,6,Chemical
R_W5_T4_114,0.432040816,KRAB,4,Chemical
R_W5_T6_22,0.432244898,KRAB,6,Chemical
R_W5_T4_114,0.434897959,KRAB,4,Chemical
R_W5_T6_22,0.436836735,KRAB,6,Chemical
R_W5_T6_22,0.439285714,KRAB,6,Chemical
R_W5_T6_22,0.447857143,KRAB,6,Chemical
R_W5_T6_22,0.45377551,KRAB,6,Chemical