SampleID,Time,Plot,Variety,Treatment,Height,Aboveground_biomass,Belowground_biomass,root_shoot,MIT_ric_sha_ratio
T2_ATOL_W5_2_1,W5,196,ATOL,Consortium B,36,33.36,1.18,0.035371703,-0.676688521
T2_ATOL_W5_2_3,W5,196,ATOL,Consortium B,33,29.85,1.48,0.04958124,-0.676688521
T2_ATOL_W5_2_2,W5,196,ATOL,Consortium B,38,23.12,1.27,0.054930796,-0.676688521
T2_ATOL_W5_3_1,W5,173,ATOL,Consortium B,34,22.66,1.41,0.062224184,-0.676688521
T2_ATOL_W5_1_1,W5,147,ATOL,Consortium B,30,15.81,0.99,0.062618596,-0.676688521
T2_ATOL_W5_3_3,W5,173,ATOL,Consortium B,37,27.82,1.81,0.065061107,-0.676688521
T2_ATOL_W5_1_2,W5,147,ATOL,Consortium B,41,39.31,3.15,0.080132282,-0.676688521
T2_ATOL_W5_3_2,W5,173,ATOL,Consortium B,32,19.93,1.65,0.082789764,-0.676688521
T2_ATOL_W5_1_3,W5,147,ATOL,Consortium B,36,33.57,2.99,0.08906762,-0.676688521
T2_DESIREE_W5_2_2,W5,197,DESIREE,Consortium B,34,21.16,0.98,0.0463138,0.351370362
T2_DESIREE_W5_3_1,W5,190,DESIREE,Consortium B,27,16.57,0.95,0.057332529,0.351370362
T2_DESIREE_W5_2_3,W5,197,DESIREE,Consortium B,45,62.17,3.7,0.059514235,0.351370362
T2_DESIREE_W5_3_2,W5,190,DESIREE,Consortium B,34,20.91,1.29,0.06169297,0.351370362
T2_DESIREE_W5_2_1,W5,197,DESIREE,Consortium B,39,57.08,3.58,0.062718991,0.351370362
T2_DESIREE_W5_1_3,W5,200,DESIREE,Consortium B,39,32.51,2.11,0.064903107,0.351370362
T2_DESIREE_W5_1_1,W5,200,DESIREE,Consortium B,34,36.43,2.83,0.077683228,0.351370362
T2_DESIREE_W5_3_3,W5,190,DESIREE,Consortium B,41,25.08,2.13,0.08492823,0.351370362
T2_DESIREE_W5_1_2,W5,200,DESIREE,Consortium B,47,24.15,2.06,0.085300207,0.351370362
T2_JELLY_W5_1_3,W5,192,JELLY,Consortium B,29,4.64,0.29,0.0625,0.138102096
T2_JELLY_W5_1_2,W5,192,JELLY,Consortium B,42,27.5,2.17,0.078909091,0.138102096
T2_JELLY_W5_2_2,W5,146,JELLY,Consortium B,36,40.05,3.29,0.082147316,0.138102096
T2_JELLY_W5_2_1,W5,146,JELLY,Consortium B,26,16.01,1.37,0.085571518,0.138102096
T2_JELLY_W5_3_1,W5,171,JELLY,Consortium B,22,9.79,0.97,0.099080695,0.138102096
T2_JELLY_W5_1_1,W5,192,JELLY,Consortium B,33,14.46,1.46,0.100968188,0.138102096
T2_JELLY_W5_2_3,W5,146,JELLY,Consortium B,40,25.73,2.62,0.101826661,0.138102096
T2_JELLY_W5_3_2,W5,171,JELLY,Consortium B,33,22.69,2.36,0.104010577,0.138102096
T2_JELLY_W5_3_3,W5,171,JELLY,Consortium B,29,12.41,1.31,0.105560032,0.138102096
T2_KRAB_W5_3_3,W5,193,KRAB,Consortium B,45,37.69,1.81,0.048023348,-0.091568156
T2_KRAB_W5_1_1,W5,203,KRAB,Consortium B,43,26,1.44,0.055384615,-0.091568156
T2_KRAB_W5_3_1,W5,193,KRAB,Consortium B,43,30.86,1.83,0.059300065,-0.091568156
T2_KRAB_W5_2_3,W5,198,KRAB,Consortium B,50,19.8,1.29,0.065151515,-0.091568156
T2_KRAB_W5_3_2,W5,193,KRAB,Consortium B,37,9.88,0.66,0.066801619,-0.091568156
T2_KRAB_W5_2_1,W5,198,KRAB,Consortium B,51,42.91,3.29,0.076672104,-0.091568156
T2_KRAB_W5_1_2,W5,203,KRAB,Consortium B,45,15.86,1.35,0.085119798,-0.091568156
T2_KRAB_W5_2_2,W5,198,KRAB,Consortium B,52,48.13,4.85,0.100768751,-0.091568156
T2_KRAB_W5_1_3,W5,203,KRAB,Consortium B,42,18.64,2.65,0.142167382,-0.091568156
T2_PASJA POMORSKA_W5_3_3,W5,142,PASJA POMORSKA,Consortium B,13,21.67,1.19,0.054914629,0.300185871
T2_PASJA POMORSKA_W5_2_3,W5,164,PASJA POMORSKA,Consortium B,38,28.16,1.68,0.059659091,0.300185871
T2_PASJA POMORSKA_W5_1_3,W5,191,PASJA POMORSKA,Consortium B,28,16.27,1.18,0.072526122,0.300185871
T2_PASJA POMORSKA_W5_1_1,W5,191,PASJA POMORSKA,Consortium B,46,27.68,2.04,0.073699422,0.300185871
T2_PASJA POMORSKA_W5_3_1,W5,142,PASJA POMORSKA,Consortium B,54,49.37,3.82,0.077374924,0.300185871
T2_PASJA POMORSKA_W5_2_1,W5,164,PASJA POMORSKA,Consortium B,35,22.85,1.85,0.080962801,0.300185871
T2_PASJA POMORSKA_W5_2_2,W5,164,PASJA POMORSKA,Consortium B,38,23.22,2.15,0.092592593,0.300185871
T2_PASJA POMORSKA_W5_1_2,W5,191,PASJA POMORSKA,Consortium B,45,22.8,2.56,0.112280702,0.300185871
T2_PASJA POMORSKA_W5_3_2,W5,142,PASJA POMORSKA,Consortium B,52,35.46,4.37,0.123237451,0.300185871
T2_RUDAWA_W5_2_2,W5,172,RUDAWA,Consortium B,40,25.9,1.71,0.066023166,0.31470564
T2_RUDAWA_W5_3_3,W5,170,RUDAWA,Consortium B,48,38.92,2.65,0.068088386,0.31470564
T2_RUDAWA_W5_3_1,W5,170,RUDAWA,Consortium B,47,34.56,2.48,0.071759259,0.31470564
T2_RUDAWA_W5_1_3,W5,143,RUDAWA,Consortium B,50,39.4,3.26,0.082741117,0.31470564
T2_RUDAWA_W5_1_2,W5,143,RUDAWA,Consortium B,41,26.65,2.32,0.087054409,0.31470564
T2_RUDAWA_W5_3_2,W5,170,RUDAWA,Consortium B,38,30.47,2.69,0.088283558,0.31470564
T2_RUDAWA_W5_2_1,W5,172,RUDAWA,Consortium B,33,29.13,2.73,0.093717817,0.31470564
T2_RUDAWA_W5_1_1,W5,143,RUDAWA,Consortium B,42,30.56,3.16,0.103403141,0.31470564
T2_RUDAWA_W5_2_3,W5,172,RUDAWA,Consortium B,40,26.45,2.96,0.111909263,0.31470564
T2_SALTO_W5_3_1,W5,175,SALTO,Consortium B,38,20.82,1.51,0.072526417,0.701195803
T2_SALTO_W5_2_1,W5,169,SALTO,Consortium B,40,57.05,4.61,0.08080631,0.701195803
T2_SALTO_W5_3_3,W5,175,SALTO,Consortium B,64,78.03,6.95,0.089068307,0.701195803
T2_SALTO_W5_3_2,W5,175,SALTO,Consortium B,41,34.7,3.36,0.096829971,0.701195803
T2_SALTO_W5_2_3,W5,169,SALTO,Consortium B,43,28.83,2.96,0.102670829,0.701195803
T2_SALTO_W5_2_2,W5,169,SALTO,Consortium B,45,42.08,4.43,0.105275665,0.701195803
T2_SALTO_W5_1_3,W5,145,SALTO,Consortium B,60,64.23,7.02,0.109294722,0.701195803
T2_SALTO_W5_1_1,W5,145,SALTO,Consortium B,42,34.78,4.1,0.117883841,0.701195803
T2_SALTO_W5_1_2,W5,145,SALTO,Consortium B,53,27.61,3.84,0.139080043,0.701195803
T3_ATOL_W5_2_1,W5,77,ATOL,Consortium BP,26,35.85,0.98,0.027336123,-0.676688521
T3_ATOL_W5_2_2,W5,77,ATOL,Consortium BP,30,38.28,1.28,0.033437827,-0.676688521
T3_ATOL_W5_2_3,W5,77,ATOL,Consortium BP,41,40.39,2.15,0.053230998,-0.676688521
T3_ATOL_W5_3_3,W5,125,ATOL,Consortium BP,26,27.21,1.47,0.054024256,-0.676688521
T3_ATOL_W5_1_1,W5,132,ATOL,Consortium BP,40,35.91,2.13,0.059314954,-0.676688521
T3_ATOL_W5_3_2,W5,125,ATOL,Consortium BP,42,19.83,1.22,0.061522945,-0.676688521
T3_ATOL_W5_1_2,W5,132,ATOL,Consortium BP,30,28,1.74,0.062142857,-0.676688521
T3_ATOL_W5_3_1,W5,125,ATOL,Consortium BP,30,25.93,1.87,0.072117239,-0.676688521
T3_ATOL_W5_1_3,W5,132,ATOL,Consortium BP,25,14.25,1.03,0.072280702,-0.676688521
T3_DESIREE_W5_2_3,W5,74,DESIREE,Consortium BP,32,9.25,0.51,0.055135135,0.351370362
T3_DESIREE_W5_2_1,W5,74,DESIREE,Consortium BP,27,27.82,1.62,0.058231488,0.351370362
T3_DESIREE_W5_1_1,W5,92,DESIREE,Consortium BP,22,13.45,0.91,0.067657993,0.351370362
T3_DESIREE_W5_3_1,W5,103,DESIREE,Consortium BP,34,30.4,2.22,0.073026316,0.351370362
T3_DESIREE_W5_3_3,W5,103,DESIREE,Consortium BP,36,9.47,0.92,0.097148891,0.351370362
T3_DESIREE_W5_2_2,W5,74,DESIREE,Consortium BP,34,11.96,1.24,0.10367893,0.351370362
T3_DESIREE_W5_1_3,W5,92,DESIREE,Consortium BP,18,7.98,1,0.125313283,0.351370362
T3_DESIREE_W5_3_2,W5,103,DESIREE,Consortium BP,28,12.89,1.69,0.131109387,0.351370362
T3_DESIREE_W5_1_2,W5,92,DESIREE,Consortium BP,21,4.93,0.69,0.139959432,0.351370362
T3_JELLY_W5_3_1,W5,130,JELLY,Consortium BP,42,20.28,0.99,0.048816568,0.138102096
T3_JELLY_W5_1_2,W5,71,JELLY,Consortium BP,38,31.54,1.63,0.051680406,0.138102096
T3_JELLY_W5_3_3,W5,130,JELLY,Consortium BP,21,14.63,0.85,0.058099795,0.138102096
T3_JELLY_W5_2_2,W5,133,JELLY,Consortium BP,29,16.99,1.22,0.071806945,0.138102096
T3_JELLY_W5_1_3,W5,71,JELLY,Consortium BP,25,19.25,1.56,0.081038961,0.138102096
T3_JELLY_W5_2_3,W5,133,JELLY,Consortium BP,37,24.99,2.18,0.087234894,0.138102096
T3_JELLY_W5_2_1,W5,133,JELLY,Consortium BP,31,17.4,1.56,0.089655172,0.138102096
T3_JELLY_W5_1_1,W5,71,JELLY,Consortium BP,34,23.42,2.98,0.127241674,0.138102096
T3_JELLY_W5_3_2,W5,130,JELLY,Consortium BP,45,15.11,2.12,0.140304434,0.138102096
T3_KRAB_W5_2_3,W5,76,KRAB,Consortium BP,39,39.85,1.79,0.044918444,-0.091568156
T3_KRAB_W5_3_1,W5,128,KRAB,Consortium BP,31,18.11,0.86,0.047487576,-0.091568156
T3_KRAB_W5_2_2,W5,76,KRAB,Consortium BP,26,15.42,1.02,0.06614786,-0.091568156
T3_KRAB_W5_3_2,W5,128,KRAB,Consortium BP,33,26,1.74,0.066923077,-0.091568156
T3_KRAB_W5_2_1,W5,76,KRAB,Consortium BP,31,34.43,2.43,0.070577984,-0.091568156
T3_KRAB_W5_1_3,W5,124,KRAB,Consortium BP,48,24.97,2.8,0.112134561,-0.091568156
T3_KRAB_W5_1_1,W5,124,KRAB,Consortium BP,48,36.01,4.43,0.123021383,-0.091568156
T3_KRAB_W5_3_3,W5,128,KRAB,Consortium BP,35,16.25,2.08,0.128,-0.091568156
T3_KRAB_W5_1_2,W5,124,KRAB,Consortium BP,49,34.48,6.56,0.19025522,-0.091568156
T3_PASJA POMORSKA_W5_2_3,W5,121,PASJA POMORSKA,Consortium BP,44,15.69,1.3,0.082855322,0.300185871
T3_PASJA POMORSKA_W5_2_1,W5,121,PASJA POMORSKA,Consortium BP,36,13.01,1.18,0.090699462,0.300185871
T3_PASJA POMORSKA_W5_3_2,W5,101,PASJA POMORSKA,Consortium BP,45,27.04,2.47,0.091346154,0.300185871
T3_PASJA POMORSKA_W5_3_1,W5,101,PASJA POMORSKA,Consortium BP,36,33.95,3.11,0.091605302,0.300185871
T3_PASJA POMORSKA_W5_2_2,W5,121,PASJA POMORSKA,Consortium BP,50,54.11,5.11,0.094437257,0.300185871
T3_PASJA POMORSKA_W5_1_3,W5,98,PASJA POMORSKA,Consortium BP,43,23.49,2.27,0.096636867,0.300185871
T3_PASJA POMORSKA_W5_1_2,W5,98,PASJA POMORSKA,Consortium BP,36,9.95,1.09,0.109547739,0.300185871
T3_PASJA POMORSKA_W5_3_3,W5,101,PASJA POMORSKA,Consortium BP,42,19.68,2.32,0.117886179,0.300185871
T3_PASJA POMORSKA_W5_1_1,W5,98,PASJA POMORSKA,Consortium BP,33,14.82,2.21,0.149122807,0.300185871
T3_RUDAWA_W5_1_3,W5,72,RUDAWA,Consortium BP,33,47.15,2.75,0.058324496,0.31470564
T3_RUDAWA_W5_1_2,W5,72,RUDAWA,Consortium BP,37,36.98,2.55,0.068956193,0.31470564
T3_RUDAWA_W5_1_1,W5,72,RUDAWA,Consortium BP,34,45.46,3.19,0.070171579,0.31470564
T3_RUDAWA_W5_3_1,W5,129,RUDAWA,Consortium BP,40,51.4,4,0.077821012,0.31470564
T3_RUDAWA_W5_2_1,W5,94,RUDAWA,Consortium BP,42,66.77,5.59,0.083720234,0.31470564
T3_RUDAWA_W5_3_2,W5,129,RUDAWA,Consortium BP,42,33.84,3.04,0.089834515,0.31470564
T3_RUDAWA_W5_2_3,W5,94,RUDAWA,Consortium BP,43,40.19,3.88,0.096541428,0.31470564
T3_RUDAWA_W5_3_3,W5,129,RUDAWA,Consortium BP,37,26.37,2.59,0.098217672,0.31470564
T3_RUDAWA_W5_2_2,W5,94,RUDAWA,Consortium BP,43,26.02,2.66,0.102229055,0.31470564
T3_SALTO_W5_1_2,W5,104,SALTO,Consortium BP,46,45.9,2.26,0.049237473,0.701195803
T3_SALTO_W5_3_2,W5,122,SALTO,Consortium BP,42,31.34,1.79,0.057115507,0.701195803
T3_SALTO_W5_1_1,W5,104,SALTO,Consortium BP,34,43.16,3.93,0.091056534,0.701195803
T3_SALTO_W5_3_1,W5,122,SALTO,Consortium BP,46,45.85,4.32,0.094220284,0.701195803
T3_SALTO_W5_2_3,W5,100,SALTO,Consortium BP,44,22.45,2.3,0.102449889,0.701195803
T3_SALTO_W5_2_1,W5,100,SALTO,Consortium BP,32,25.83,2.8,0.108401084,0.701195803
T3_SALTO_W5_3_3,W5,122,SALTO,Consortium BP,44,21.05,2.46,0.116864608,0.701195803
T3_SALTO_W5_1_3,W5,104,SALTO,Consortium BP,33,25.45,4.3,0.168958743,0.701195803
T1_ATOL_W5_2_2,W5,177,ATOL,Control,45,26.05,1.06,0.040690979,-0.676688521
T1_ATOL_W5_3_3,W5,183,ATOL,Control,38,25.07,1.42,0.056641404,-0.676688521
T1_ATOL_W5_3_2,W5,183,ATOL,Control,41,36.42,2.55,0.070016474,-0.676688521
T1_ATOL_W5_1_1,W5,160,ATOL,Control,42,43.76,3.14,0.071755027,-0.676688521
T1_ATOL_W5_1_2,W5,160,ATOL,Control,31,15.05,1.35,0.089700997,-0.676688521
T1_ATOL_W5_3_1,W5,183,ATOL,Control,35,24.25,2.18,0.089896907,-0.676688521
T1_ATOL_W5_1_3,W5,160,ATOL,Control,44,33.24,3.42,0.102888087,-0.676688521
T1_ATOL_W5_2_1,W5,177,ATOL,Control,41,11.43,2.8,0.244969379,-0.676688521
T1_DESIREE_W5_3_3,W5,210,DESIREE,Control,32,22.55,1.24,0.054988914,0.351370362
T1_DESIREE_W5_1_3,W5,179,DESIREE,Control,32,15.32,0.85,0.055483029,0.351370362
T1_DESIREE_W5_1_1,W5,179,DESIREE,Control,30,24.1,1.47,0.060995851,0.351370362
T1_DESIREE_W5_1_2,W5,179,DESIREE,Control,27,16.3,1.09,0.066871166,0.351370362
T1_DESIREE_W5_2_1,W5,176,DESIREE,Control,28,14.46,1.01,0.069847856,0.351370362
T1_DESIREE_W5_2_3,W5,176,DESIREE,Control,29,22.08,1.55,0.070199275,0.351370362
T1_DESIREE_W5_3_2,W5,210,DESIREE,Control,30,18.86,1.46,0.077412513,0.351370362
T1_DESIREE_W5_3_1,W5,210,DESIREE,Control,18,4.72,0.44,0.093220339,0.351370362
T1_DESIREE_W5_2_2,W5,176,DESIREE,Control,30,17.13,1.71,0.099824869,0.351370362
T1_JELLY_W5_3_2,W5,157,JELLY,Control,37,28.56,1.73,0.06057423,0.138102096
T1_JELLY_W5_1_1,W5,181,JELLY,Control,26,16.71,1.24,0.074207062,0.138102096
T1_JELLY_W5_1_2,W5,181,JELLY,Control,29,20.88,1.74,0.083333333,0.138102096
T1_JELLY_W5_2_3,W5,189,JELLY,Control,38,19.37,1.96,0.101187403,0.138102096
T1_JELLY_W5_1_3,W5,181,JELLY,Control,27,10.1,1.03,0.101980198,0.138102096
T1_JELLY_W5_2_1,W5,189,JELLY,Control,27,14.37,1.67,0.116214335,0.138102096
T1_JELLY_W5_2_2,W5,189,JELLY,Control,46,16.27,1.95,0.119852489,0.138102096
T1_KRAB_W5_3_2,W5,186,KRAB,Control,43,11.69,0.48,0.041060736,-0.091568156
T1_KRAB_W5_1_2,W5,150,KRAB,Control,27,22.23,1.02,0.045883941,-0.091568156
T1_KRAB_W5_2_3,W5,208,KRAB,Control,42,27.87,1.41,0.050592034,-0.091568156
T1_KRAB_W5_1_1,W5,150,KRAB,Control,27,17.16,0.91,0.053030303,-0.091568156
T1_KRAB_W5_1_3,W5,150,KRAB,Control,39,47.46,3.09,0.065107459,-0.091568156
T1_KRAB_W5_2_2,W5,208,KRAB,Control,37,18.59,1.64,0.088219473,-0.091568156
T1_KRAB_W5_2_1,W5,208,KRAB,Control,34,26.01,2.5,0.096116878,-0.091568156
T1_KRAB_W5_3_3,W5,186,KRAB,Control,47,2.37,0.27,0.113924051,-0.091568156
T1_KRAB_W5_3_1,W5,186,KRAB,Control,47,2.47,0.35,0.141700405,-0.091568156
T1_PASJA-POMORSKA_W5_3_1,W5,154,PASJA POMORSKA,Control,49,25.39,1.3,0.05120126,0.300185871
T1_PASJA-POMORSKA_W5_2_1,W5,151,PASJA POMORSKA,Control,54,54.36,4.36,0.080206034,0.300185871
T1_PASJA-POMORSKA_W5_2_3,W5,151,PASJA POMORSKA,Control,48,23.56,2.24,0.095076401,0.300185871
T1_PASJA-POMORSKA_W5_3_3,W5,154,PASJA POMORSKA,Control,44,34.27,3.8,0.110884155,0.300185871
T1_PASJA-POMORSKA_W5_3_2,W5,154,PASJA POMORSKA,Control,48,22.52,2.64,0.11722913,0.300185871
T1_PASJA-POMORSKA_W5_1_1,W5,185,PASJA POMORSKA,Control,50,62.46,7.51,0.120236952,0.300185871
T1_PASJA-POMORSKA_W5_1_2,W5,185,PASJA POMORSKA,Control,45,24.63,3.4,0.138043037,0.300185871
T1_PASJA-POMORSKA_W5_2_2,W5,151,PASJA POMORSKA,Control,45,16.83,2.44,0.144979204,0.300185871
T1_PASJA-POMORSKA_W5_1_3,W5,185,PASJA POMORSKA,Control,35,7.16,2.27,0.317039106,0.300185871
T1_RUDAWA_W5_2_2,W5,182,RUDAWA,Control,42,36.31,2.19,0.060313963,0.31470564
T1_RUDAWA_W5_2_3,W5,182,RUDAWA,Control,39,41.49,3.17,0.076403953,0.31470564
T1_RUDAWA_W5_1_3,W5,209,RUDAWA,Control,52,52.61,4.18,0.079452576,0.31470564
T1_RUDAWA_W5_2_1,W5,182,RUDAWA,Control,43,48.42,3.99,0.082403965,0.31470564
T1_RUDAWA_W5_1_1,W5,209,RUDAWA,Control,51,43.65,3.79,0.086827033,0.31470564
T1_RUDAWA_W5_1_2,W5,209,RUDAWA,Control,50,58.17,5.51,0.094722365,0.31470564
T1_RUDAWA_W5_3_1,W5,187,RUDAWA,Control,38,37.37,3.8,0.101685844,0.31470564
T1_RUDAWA_W5_3_2,W5,187,RUDAWA,Control,36,14.07,1.7,0.120824449,0.31470564
T1_RUDAWA_W5_3_3,W5,187,RUDAWA,Control,39,35.36,4.57,0.129242081,0.31470564
T1_SALTO_W5_3_2,W5,152,SALTO,Control,41,40.18,3.87,0.096316575,0.701195803
T1_SALTO_W5_3_3,W5,152,SALTO,Control,46,54,5.45,0.100925926,0.701195803
T1_SALTO_W5_3_1,W5,152,SALTO,Control,44,35.66,4.56,0.127874369,0.701195803
T1_SALTO_W5_2_3,W5,206,SALTO,Control,45,33.73,4.37,0.129558257,0.701195803
T1_SALTO_W5_1_1,W5,178,SALTO,Control,42,28.08,3.89,0.138532764,0.701195803
T1_SALTO_W5_2_2,W5,206,SALTO,Control,40,27.04,3.75,0.138683432,0.701195803
T1_SALTO_W5_1_2,W5,178,SALTO,Control,56,48.56,8.36,0.172158155,0.701195803
T1_SALTO_W5_1_3,W5,178,SALTO,Control,53,31.54,6.79,0.215282181,0.701195803
T4_ATOL_W5_2_3,W5,87,ATOL,Fertilizers,38,23.99,1.56,0.065027095,-0.676688521
T4_ATOL_W5_1_3,W5,91,ATOL,Fertilizers,36,22.15,1.51,0.068171558,-0.676688521
T4_ATOL_W5_3_1,W5,139,ATOL,Fertilizers,43,29.72,2.15,0.072341857,-0.676688521
T4_ATOL_W5_1_1,W5,91,ATOL,Fertilizers,47,24.27,1.9,0.07828595,-0.676688521
T4_ATOL_W5_2_2,W5,87,ATOL,Fertilizers,45,27.16,2.14,0.078792342,-0.676688521
T4_ATOL_W5_1_2,W5,91,ATOL,Fertilizers,43,15.21,1.21,0.079552926,-0.676688521
T4_ATOL_W5_2_1,W5,87,ATOL,Fertilizers,42,33.1,2.82,0.085196375,-0.676688521
T4_ATOL_W5_3_3,W5,139,ATOL,Fertilizers,39,33.04,3.55,0.107445521,-0.676688521
T4_ATOL_W5_3_2,W5,139,ATOL,Fertilizers,45,44.42,5.16,0.11616389,-0.676688521
T4_DESIREE_W5_3_3,W5,107,DESIREE,Fertilizers,40,17.11,0.86,0.050263004,0.351370362
T4_DESIREE_W5_2_1,W5,81,DESIREE,Fertilizers,33,39.5,2.18,0.055189873,0.351370362
T4_DESIREE_W5_2_2,W5,81,DESIREE,Fertilizers,23,16.88,1,0.059241706,0.351370362
T4_DESIREE_W5_2_3,W5,81,DESIREE,Fertilizers,25,18.61,1.62,0.087049973,0.351370362
T4_DESIREE_W5_3_2,W5,107,DESIREE,Fertilizers,36,23.57,2.06,0.087399236,0.351370362
T4_DESIREE_W5_3_1,W5,107,DESIREE,Fertilizers,33,18.25,1.82,0.099726027,0.351370362
T4_JELLY_W5_1_1,W5,118,JELLY,Fertilizers,45,40.38,3.35,0.082961862,0.138102096
T4_JELLY_W5_1_3,W5,118,JELLY,Fertilizers,47,49.93,4.37,0.087522532,0.138102096
T4_JELLY_W5_1_2,W5,118,JELLY,Fertilizers,40,19.87,1.92,0.096628083,0.138102096
T4_JELLY_W5_3_2,W5,136,JELLY,Fertilizers,32,10.94,1.17,0.106946984,0.138102096
T4_JELLY_W5_3_1,W5,136,JELLY,Fertilizers,46,54.09,5.93,0.109632095,0.138102096
T4_JELLY_W5_2_3,W5,140,JELLY,Fertilizers,28,13.68,1.58,0.115497076,0.138102096
T4_JELLY_W5_3_3,W5,136,JELLY,Fertilizers,35,33.24,4.34,0.130565584,0.138102096
T4_JELLY_W5_2_1,W5,140,JELLY,Fertilizers,36,15.23,2.04,0.133946159,0.138102096
T4_JELLY_W5_2_2,W5,140,JELLY,Fertilizers,34,11.1,2.19,0.197297297,0.138102096
T4_KRAB_W5_2_2,W5,90,KRAB,Fertilizers,44,45.22,3.27,0.072313136,-0.091568156
T4_KRAB_W5_3_2,W5,114,KRAB,Fertilizers,28,14.75,1.08,0.073220339,-0.091568156
T4_KRAB_W5_2_3,W5,90,KRAB,Fertilizers,39,23.7,1.8,0.075949367,-0.091568156
T4_KRAB_W5_2_1,W5,90,KRAB,Fertilizers,31,16.77,1.7,0.101371497,-0.091568156
T4_PASJA POMORSKA_W5_2_3,W5,78,PASJA POMORSKA,Fertilizers,51,53.55,3.96,0.07394958,0.300185871
T4_PASJA POMORSKA_W5_2_1,W5,78,PASJA POMORSKA,Fertilizers,50,54.73,4.32,0.078932944,0.300185871
T4_PASJA POMORSKA_W5_1_2,W5,110,PASJA POMORSKA,Fertilizers,57,57.7,4.76,0.082495667,0.300185871
T4_PASJA POMORSKA_W5_1_3,W5,110,PASJA POMORSKA,Fertilizers,46,29.59,2.54,0.085839811,0.300185871
T4_PASJA POMORSKA_W5_3_1,W5,109,PASJA POMORSKA,Fertilizers,37,63.04,5.51,0.087404822,0.300185871
T4_PASJA POMORSKA_W5_1_1,W5,110,PASJA POMORSKA,Fertilizers,52,32.52,3.02,0.092865929,0.300185871
T4_PASJA POMORSKA_W5_3_2,W5,109,PASJA POMORSKA,Fertilizers,37,9.65,0.98,0.101554404,0.300185871
T4_PASJA POMORSKA_W5_3_3,W5,109,PASJA POMORSKA,Fertilizers,45,45.72,4.87,0.106517935,0.300185871
T4_PASJA POMORSKA_W5_2_2,W5,78,PASJA POMORSKA,Fertilizers,43,11.55,1.57,0.135930736,0.300185871
T4_RUDAWA_W5_2_1,W5,113,RUDAWA,Fertilizers,40,53.01,3.48,0.065647991,0.31470564
T4_RUDAWA_W5_3_1,W5,85,RUDAWA,Fertilizers,43,61.4,4.15,0.067589577,0.31470564
T4_RUDAWA_W5_1_1,W5,134,RUDAWA,Fertilizers,47,46.53,3.29,0.070707071,0.31470564
T4_RUDAWA_W5_3_3,W5,85,RUDAWA,Fertilizers,44,37.16,2.85,0.076695371,0.31470564
T4_RUDAWA_W5_3_2,W5,85,RUDAWA,Fertilizers,50,48.17,3.92,0.081378451,0.31470564
T4_RUDAWA_W5_1_3,W5,134,RUDAWA,Fertilizers,45,76.96,7.01,0.091086279,0.31470564
T4_RUDAWA_W5_1_2,W5,134,RUDAWA,Fertilizers,38,29.21,3.11,0.106470387,0.31470564
T4_SALTO_W5_3_3,W5,79,SALTO,Fertilizers,53,52.22,3.88,0.074301034,0.701195803
T4_SALTO_W5_2_1,W5,137,SALTO,Fertilizers,44,39.4,3.01,0.076395939,0.701195803
T4_SALTO_W5_3_1,W5,79,SALTO,Fertilizers,47,46.56,4.5,0.096649485,0.701195803
T4_SALTO_W5_1_1,W5,84,SALTO,Fertilizers,53,61.45,6.06,0.098616762,0.701195803
T4_SALTO_W5_3_2,W5,79,SALTO,Fertilizers,47,34.86,3.96,0.113597246,0.701195803
T4_SALTO_W5_1_3,W5,84,SALTO,Fertilizers,44,53.3,6.59,0.123639775,0.701195803
T4_SALTO_W5_1_2,W5,84,SALTO,Fertilizers,46,34.56,4.49,0.129918981,0.701195803
T4_SALTO_W5_2_2,W5,137,SALTO,Fertilizers,44,47.79,6.27,0.131198996,0.701195803
T4_SALTO_W5_2_3,W5,137,SALTO,Fertilizers,36,27.93,3.72,0.133190118,0.701195803
T6_ATOL_W5_3_1,W5,35,ATOL,Fertilizers-Pesticides,23,6.99,0.5,0.071530758,-0.676688521
T6_ATOL_W5_1_1,W5,29,ATOL,Fertilizers-Pesticides,40,34.97,2.78,0.079496711,-0.676688521
T6_ATOL_W5_3_3,W5,35,ATOL,Fertilizers-Pesticides,30,8.85,0.72,0.081355932,-0.676688521
T6_ATOL_W5_1_3,W5,29,ATOL,Fertilizers-Pesticides,30,15.3,1.37,0.089542484,-0.676688521
T6_ATOL_W5_3_2,W5,35,ATOL,Fertilizers-Pesticides,37,28.32,2.72,0.096045198,-0.676688521
T6_ATOL_W5_2_3,W5,1,ATOL,Fertilizers-Pesticides,42,18.32,2.08,0.113537118,-0.676688521
T6_ATOL_W5_1_2,W5,29,ATOL,Fertilizers-Pesticides,38,25.29,3.16,0.124950573,-0.676688521
T6_ATOL_W5_2_2,W5,1,ATOL,Fertilizers-Pesticides,45,24.38,3.13,0.128383921,-0.676688521
T6_ATOL_W5_2_1,W5,1,ATOL,Fertilizers-Pesticides,32,17.96,2.38,0.132516704,-0.676688521
T6_DESIREE_W5_2_2,W5,56,DESIREE,Fertilizers-Pesticides,20,7.28,0.43,0.059065934,0.351370362
T6_DESIREE_W5_1_2,W5,5,DESIREE,Fertilizers-Pesticides,31,18.56,1.54,0.082974138,0.351370362
T6_DESIREE_W5_1_3,W5,5,DESIREE,Fertilizers-Pesticides,30,24.87,2.09,0.084036992,0.351370362
T6_DESIREE_W5_1_1,W5,5,DESIREE,Fertilizers-Pesticides,36,18.8,1.71,0.090957447,0.351370362
T6_DESIREE_W5_3_1,W5,25,DESIREE,Fertilizers-Pesticides,38,28.96,2.97,0.102555249,0.351370362
T6_DESIREE_W5_3_3,W5,25,DESIREE,Fertilizers-Pesticides,27,16.58,1.71,0.103136309,0.351370362
T6_DESIREE_W5_3_2,W5,25,DESIREE,Fertilizers-Pesticides,23,5.98,0.64,0.107023411,0.351370362
T6_DESIREE_W5_2_1,W5,56,DESIREE,Fertilizers-Pesticides,19,9.89,1.27,0.128412538,0.351370362
T6_JELLY_W5_1_1,W5,51,JELLY,Fertilizers-Pesticides,23,7.81,0.67,0.085787452,0.138102096
T6_JELLY_W5_2_2,W5,33,JELLY,Fertilizers-Pesticides,35,21.17,1.88,0.088804913,0.138102096
T6_JELLY_W5_1_3,W5,51,JELLY,Fertilizers-Pesticides,40,23.57,2.43,0.103097157,0.138102096
T6_JELLY_W5_1_2,W5,51,JELLY,Fertilizers-Pesticides,29,14.96,1.56,0.104278075,0.138102096
T6_JELLY_W5_3_3,W5,55,JELLY,Fertilizers-Pesticides,43,32.07,3.59,0.111942626,0.138102096
T6_JELLY_W5_3_1,W5,55,JELLY,Fertilizers-Pesticides,25,10.96,1.35,0.123175182,0.138102096
T6_JELLY_W5_2_1,W5,33,JELLY,Fertilizers-Pesticides,37,35.83,4.85,0.135361429,0.138102096
T6_JELLY_W5_3_2,W5,55,JELLY,Fertilizers-Pesticides,23,15.97,2.34,0.146524734,0.138102096
T6_JELLY_W5_2_3,W5,33,JELLY,Fertilizers-Pesticides,28,9.63,1.42,0.147455867,0.138102096
T6_KRAB_W5_1_3,W5,23,KRAB,Fertilizers-Pesticides,29,22.02,1.35,0.061307902,-0.091568156
T6_KRAB_W5_2_2,W5,62,KRAB,Fertilizers-Pesticides,35,16.01,0.99,0.061836352,-0.091568156
T6_KRAB_W5_2_3,W5,62,KRAB,Fertilizers-Pesticides,30,13.41,0.87,0.064876957,-0.091568156
T6_KRAB_W5_3_1,W5,22,KRAB,Fertilizers-Pesticides,36,46.25,3.09,0.066810811,-0.091568156
T6_KRAB_W5_3_3,W5,22,KRAB,Fertilizers-Pesticides,38,21.8,1.88,0.086238532,-0.091568156
T6_KRAB_W5_2_1,W5,62,KRAB,Fertilizers-Pesticides,42,40.19,3.63,0.090320975,-0.091568156
T6_KRAB_W5_1_2,W5,23,KRAB,Fertilizers-Pesticides,30,15.6,1.45,0.092948718,-0.091568156
T6_KRAB_W5_3_2,W5,22,KRAB,Fertilizers-Pesticides,36,24.03,2.29,0.095297545,-0.091568156
T6_PASJA POMORSKA_W5_1_1,W5,57,PASJA POMORSKA,Fertilizers-Pesticides,40,47.16,2.22,0.047073791,0.300185871
T6_PASJA POMORSKA_W5_3_2,W5,24,PASJA POMORSKA,Fertilizers-Pesticides,43,25.19,2.1,0.083366415,0.300185871
T6_PASJA POMORSKA_W5_3_3,W5,24,PASJA POMORSKA,Fertilizers-Pesticides,32,17.06,1.57,0.092028136,0.300185871
T6_PASJA POMORSKA_W5_3_1,W5,24,PASJA POMORSKA,Fertilizers-Pesticides,44,28.8,2.71,0.094097222,0.300185871
T6_PASJA POMORSKA_W5_1_3,W5,57,PASJA POMORSKA,Fertilizers-Pesticides,40,34.69,3.37,0.097146152,0.300185871
T6_PASJA POMORSKA_W5_2_1,W5,4,PASJA POMORSKA,Fertilizers-Pesticides,44,44.17,4.88,0.110482228,0.300185871
T6_PASJA POMORSKA_W5_2_2,W5,4,PASJA POMORSKA,Fertilizers-Pesticides,42,30.34,3.42,0.112722479,0.300185871
T6_PASJA POMORSKA_W5_2_3,W5,4,PASJA POMORSKA,Fertilizers-Pesticides,30,4.06,0.64,0.157635468,0.300185871
T6_RUDAWA_W5_1_3,W5,61,RUDAWA,Fertilizers-Pesticides,39,27.53,1.87,0.067925899,0.31470564
T6_RUDAWA_W5_2_2,W5,27,RUDAWA,Fertilizers-Pesticides,46,60.36,4.68,0.077534791,0.31470564
T6_RUDAWA_W5_1_1,W5,61,RUDAWA,Fertilizers-Pesticides,43,47.26,4.4,0.093101989,0.31470564
T6_RUDAWA_W5_1_2,W5,61,RUDAWA,Fertilizers-Pesticides,43,47.11,4.8,0.101889195,0.31470564
T6_RUDAWA_W5_3_2,W5,54,RUDAWA,Fertilizers-Pesticides,28,9.41,1.08,0.11477152,0.31470564
T6_RUDAWA_W5_3_1,W5,54,RUDAWA,Fertilizers-Pesticides,34,29.84,3.44,0.115281501,0.31470564
T6_RUDAWA_W5_3_3,W5,54,RUDAWA,Fertilizers-Pesticides,40,31.64,3.67,0.115992415,0.31470564
T6_RUDAWA_W5_2_3,W5,27,RUDAWA,Fertilizers-Pesticides,45,49.3,6.55,0.132860041,0.31470564
T6_RUDAWA_W5_2_1,W5,27,RUDAWA,Fertilizers-Pesticides,22,8.53,1.36,0.15943728,0.31470564
T6_SALTO_W5_2_1,W5,32,SALTO,Fertilizers-Pesticides,50,52.87,3.26,0.061660677,0.701195803
T6_SALTO_W5_1_1,W5,6,SALTO,Fertilizers-Pesticides,48,41.73,3.36,0.080517613,0.701195803
T6_SALTO_W5_2_3,W5,32,SALTO,Fertilizers-Pesticides,45,38.43,4.39,0.114233672,0.701195803
T6_SALTO_W5_1_3,W5,6,SALTO,Fertilizers-Pesticides,46,49.02,5.89,0.120155039,0.701195803
T6_SALTO_W5_1_2,W5,6,SALTO,Fertilizers-Pesticides,46,34.75,4.31,0.124028777,0.701195803
T6_SALTO_W5_3_2,W5,50,SALTO,Fertilizers-Pesticides,45,50.13,6.3,0.12567325,0.701195803
T6_SALTO_W5_3_3,W5,50,SALTO,Fertilizers-Pesticides,44,21.41,3.64,0.170014012,0.701195803
T6_SALTO_W5_2_2,W5,32,SALTO,Fertilizers-Pesticides,45,33.64,6.18,0.183709869,0.701195803
T6_SALTO_W5_3_1,W5,50,SALTO,Fertilizers-Pesticides,32,16.47,3.56,0.216150577,0.701195803
T5_ATOL_W5_1_1,W5,13,ATOL,Pesticides,33,39.44,1.28,0.032454361,-0.676688521
T5_ATOL_W5_3_3,W5,11,ATOL,Pesticides,28,35.53,1.73,0.048691247,-0.676688521
T5_ATOL_W5_3_2,W5,11,ATOL,Pesticides,39,28.82,1.58,0.05482304,-0.676688521
T5_ATOL_W5_1_3,W5,13,ATOL,Pesticides,30,14.13,0.89,0.062986553,-0.676688521
T5_ATOL_W5_2_2,W5,69,ATOL,Pesticides,42,18.53,1.19,0.064220183,-0.676688521
T5_ATOL_W5_2_1,W5,69,ATOL,Pesticides,47,52.7,3.95,0.074952562,-0.676688521
T5_ATOL_W5_2_3,W5,69,ATOL,Pesticides,28,7.87,0.86,0.109275731,-0.676688521
T5_DESIREE_W5_1_2,W5,12,DESIREE,Pesticides,30,33.3,1.15,0.034534535,0.351370362
T5_DESIREE_W5_1_3,W5,12,DESIREE,Pesticides,29,41.06,1.53,0.037262543,0.351370362
T5_DESIREE_W5_2_1,W5,10,DESIREE,Pesticides,24,27.66,1.29,0.046637744,0.351370362
T5_DESIREE_W5_2_2,W5,10,DESIREE,Pesticides,30,30.2,1.44,0.047682119,0.351370362
T5_DESIREE_W5_1_1,W5,12,DESIREE,Pesticides,33,22.95,1.18,0.051416122,0.351370362
T5_DESIREE_W5_3_1,W5,48,DESIREE,Pesticides,30,19.91,1.33,0.066800603,0.351370362
T5_DESIREE_W5_3_3,W5,48,DESIREE,Pesticides,34,17.86,1.2,0.06718925,0.351370362
T5_DESIREE_W5_3_2,W5,48,DESIREE,Pesticides,34,20.5,1.6,0.07804878,0.351370362
T5_DESIREE_W5_2_3,W5,10,DESIREE,Pesticides,27,12.11,1.07,0.08835673,0.351370362
T5_JELLY_W5_3_2,W5,19,JELLY,Pesticides,37,57.88,1.67,0.028852799,0.138102096
T5_JELLY_W5_1_3,W5,21,JELLY,Pesticides,37,47.46,1.71,0.036030341,0.138102096
T5_JELLY_W5_2_3,W5,45,JELLY,Pesticides,33,23.71,1.42,0.059890342,0.138102096
T5_JELLY_W5_2_1,W5,45,JELLY,Pesticides,30,18.76,1.45,0.077292111,0.138102096
T5_JELLY_W5_3_3,W5,19,JELLY,Pesticides,40,44.65,3.57,0.079955207,0.138102096
T5_JELLY_W5_1_2,W5,21,JELLY,Pesticides,28,12.96,1.06,0.081790123,0.138102096
T5_JELLY_W5_2_2,W5,45,JELLY,Pesticides,36,29.45,2.52,0.085568761,0.138102096
T5_JELLY_W5_1_1,W5,21,JELLY,Pesticides,25,26.14,3.43,0.131216526,0.138102096
T5_JELLY_W5_3_1,W5,19,JELLY,Pesticides,35,16.81,2.32,0.138013087,0.138102096
T5_KRAB_W5_2_1,W5,18,KRAB,Pesticides,44,65.95,3.21,0.048673237,-0.091568156
T5_KRAB_W5_2_2,W5,18,KRAB,Pesticides,37,20.29,1.32,0.065056678,-0.091568156
T5_KRAB_W5_1_2,W5,68,KRAB,Pesticides,46,37.84,2.75,0.072674419,-0.091568156
T5_KRAB_W5_1_3,W5,68,KRAB,Pesticides,30,18.17,1.33,0.073197578,-0.091568156
T5_KRAB_W5_2_3,W5,18,KRAB,Pesticides,42,38.94,2.86,0.073446328,-0.091568156
T5_KRAB_W5_1_1,W5,68,KRAB,Pesticides,52,54.44,4.85,0.089088905,-0.091568156
T5_PASJA POMORSKA_W5_2_1,W5,14,PASJA POMORSKA,Pesticides,45,51.13,2.23,0.043614316,0.300185871
T5_PASJA POMORSKA_W5_2_2,W5,14,PASJA POMORSKA,Pesticides,44,35.68,1.94,0.054372197,0.300185871
T5_PASJA POMORSKA_W5_2_3,W5,14,PASJA POMORSKA,Pesticides,38,51.62,5.23,0.101317319,0.300185871
T5_RUDAWA_W5_1_1,W5,20,RUDAWA,Pesticides,38,46.75,1.87,0.04,0.31470564
T5_RUDAWA_W5_3_2,W5,15,RUDAWA,Pesticides,36,43.03,1.75,0.0406693,0.31470564
T5_RUDAWA_W5_3_1,W5,15,RUDAWA,Pesticides,41,74.96,3.36,0.044823906,0.31470564
T5_RUDAWA_W5_3_3,W5,15,RUDAWA,Pesticides,35,66.7,3.11,0.046626687,0.31470564
T5_RUDAWA_W5_2_3,W5,49,RUDAWA,Pesticides,38,39.95,2.63,0.06583229,0.31470564
T5_RUDAWA_W5_1_2,W5,20,RUDAWA,Pesticides,49,81.63,5.69,0.069704765,0.31470564
T5_RUDAWA_W5_2_1,W5,49,RUDAWA,Pesticides,38,39.75,2.93,0.073710692,0.31470564
T5_RUDAWA_W5_2_2,W5,49,RUDAWA,Pesticides,39,41.71,3.66,0.087748741,0.31470564
T5_SALTO_W5_2_1,W5,46,SALTO,Pesticides,43,54.34,3.3,0.060728745,0.701195803
T5_SALTO_W5_1_1,W5,65,SALTO,Pesticides,45,40.87,2.83,0.069243944,0.701195803
T5_SALTO_W5_2_3,W5,46,SALTO,Pesticides,44,26.7,1.99,0.074531835,0.701195803
T5_SALTO_W5_2_2,W5,46,SALTO,Pesticides,44,43.74,3.75,0.085733882,0.701195803
T5_SALTO_W5_1_2,W5,65,SALTO,Pesticides,39,28.07,2.86,0.101888137,0.701195803
T5_SALTO_W5_1_3,W5,65,SALTO,Pesticides,43,35.46,3.81,0.107445008,0.701195803